PRAGMA foreign_keys=OFF;
BEGIN TRANSACTION;
CREATE TABLE IF NOT EXISTS `orders` (
	`id` text PRIMARY KEY NOT NULL,
	`buyer_id` text NOT NULL,
	`tier_id` text NOT NULL,
	`total_amount` integer NOT NULL,
	`status` text NOT NULL,
	`rejection_reason` text, `created_at` integer NOT NULL, `admin_notes` text, `created_by` text, `buyer_note` text,
	FOREIGN KEY (`buyer_id`) REFERENCES `users`(`id`) ON UPDATE no action ON DELETE no action,
	FOREIGN KEY (`tier_id`) REFERENCES `tiers`(`id`) ON UPDATE no action ON DELETE no action
);
INSERT INTO orders VALUES('ae0548d4-c39b-40a3-924a-d484eef9c46d','94a6fbfe-289a-4037-96a1-01aadf1238fd','bc57b15e-f455-4cb9-b784-867697154af5',135000,'PROCESSED',NULL,1772125200000,'Approved by SuperAdmin',NULL,NULL);
INSERT INTO orders VALUES('e724c51c-584e-4df8-a02d-94bf0c609b95','94a6fbfe-289a-4037-96a1-01aadf1238fd','bc57b15e-f455-4cb9-b784-867697154af5',219000,'PROCESSED',NULL,1772730000000,'Approved by SuperAdmin',NULL,NULL);
INSERT INTO orders VALUES('bd079c2f-4d10-4366-bd51-6a5aa3f55be4','94a6fbfe-289a-4037-96a1-01aadf1238fd','bc57b15e-f455-4cb9-b784-867697154af5',30000,'PROCESSED',NULL,1772557200000,'Approved by SuperAdmin',NULL,NULL);
INSERT INTO orders VALUES('4fc8e418-4d73-464d-8525-f6b68b91ee84','4a115fe5-3279-4824-bba0-93ff61f5c136','bc57b15e-f455-4cb9-b784-867697154af5',100000,'PROCESSED',NULL,1772730000000,'Approved by SuperAdmin',NULL,NULL);
INSERT INTO orders VALUES('38fbac06-2aa3-4a2b-bf20-5cced7732e7a','4a115fe5-3279-4824-bba0-93ff61f5c136','bc57b15e-f455-4cb9-b784-867697154af5',531000,'PROCESSED',NULL,1772211600000,'Approved by SuperAdmin',NULL,NULL);
INSERT INTO orders VALUES('ad476c54-cf6b-483f-815d-5ebdefcc5f26','08db9fdb-5753-4bc3-b1d1-b3b39d20aebb','bc57b15e-f455-4cb9-b784-867697154af5',245000,'PROCESSED',NULL,1772816400000,'Approved by SuperAdmin',NULL,NULL);
INSERT INTO orders VALUES('29c0d34a-5c82-4b29-a2f6-ba4debd24696','5757dd9a-9296-4d49-be17-d9c8717e327e','bc57b15e-f455-4cb9-b784-867697154af5',1574000,'PROCESSED',NULL,1772211600000,'Approved by SuperAdmin',NULL,NULL);
INSERT INTO orders VALUES('1e75686c-e360-469d-8adb-c3303cc4db7b','5757dd9a-9296-4d49-be17-d9c8717e327e','bc57b15e-f455-4cb9-b784-867697154af5',190000,'PROCESSED',NULL,1772470800000,'Approved by SuperAdmin',NULL,NULL);
INSERT INTO orders VALUES('78ec7c7c-74e1-447d-85e4-107f5f150e9c','bdff73ac-d535-4880-bb83-59ae0dcb377b','bc57b15e-f455-4cb9-b784-867697154af5',286000,'PROCESSED',NULL,1772211600000,'Approved by SuperAdmin',NULL,NULL);
INSERT INTO orders VALUES('7e8be655-ded0-4ad7-95ce-c6bd33e45953','bdff73ac-d535-4880-bb83-59ae0dcb377b','bc57b15e-f455-4cb9-b784-867697154af5',683500,'PROCESSED',NULL,1772895994513,'Approved by SuperAdmin',NULL,NULL);
INSERT INTO orders VALUES('f5672565-fc2f-4dd9-8a8a-57c496c42497','8869a2b1-c0d5-4243-b83c-6c3ee6868d23','bc57b15e-f455-4cb9-b784-867697154af5',960000,'PROCESSED',NULL,1772384400000,'Approved by SuperAdmin',NULL,NULL);
INSERT INTO orders VALUES('15ba0465-eb7f-4dfc-b749-62a7f0844654','8fdc5926-2438-4366-91f4-d9cd89ef8b95','bc57b15e-f455-4cb9-b784-867697154af5',803000,'PROCESSED',NULL,1772211600000,'Approved by SuperAdmin',NULL,NULL);
INSERT INTO orders VALUES('9f4d9ce7-eed8-42e2-bf0f-6396df854648','e3b1132e-78a8-48ab-a498-ed98b04dc1ce','bc57b15e-f455-4cb9-b784-867697154af5',1089000,'PROCESSED',NULL,1772557200000,'Approved by SuperAdmin',NULL,NULL);
INSERT INTO orders VALUES('c5c7070d-609c-47df-b55a-2a6992b438b5','c361ee93-a664-4965-86b2-f99ab0bfed48','bc57b15e-f455-4cb9-b784-867697154af5',231000,'PROCESSED',NULL,1772897986782,'Approved by SuperAdmin',NULL,NULL);
INSERT INTO orders VALUES('c11e5def-0a83-4f5a-9b4a-293e577ffaef','debdcec2-d22d-4658-9edb-bc4e66974cc8','bc57b15e-f455-4cb9-b784-867697154af5',237000,'PROCESSED',NULL,1772125200000,'Approved by SuperAdmin',NULL,NULL);
INSERT INTO orders VALUES('f337c184-4698-4131-b27d-e102f83a7991','8a65ddff-8d5b-49bc-8656-b7c30d2d14d4','bc57b15e-f455-4cb9-b784-867697154af5',80000,'PROCESSED',NULL,1772211600000,'Approved by SuperAdmin',NULL,NULL);
INSERT INTO orders VALUES('4d107e7a-db48-48ea-ad99-b220dec07c85','ae313745-859b-4bb3-af1a-c72f565a70fb','761ec835-5924-4139-891d-fd0b42fa19a1',620000,'PROCESSED',NULL,1772409600000,NULL,NULL,NULL);
INSERT INTO orders VALUES('6ee596f4-6529-4709-99d5-b31df670b0e9','0aea9e44-5eb9-4a93-a2cb-1d7faaee077d','761ec835-5924-4139-891d-fd0b42fa19a1',1311000,'PROCESSED',NULL,1772150400000,NULL,NULL,NULL);
INSERT INTO orders VALUES('14d33b35-d0b2-490f-a291-db4e62f5c95b','d5ef1474-5d6a-4f21-81c2-aea31d27d501','761ec835-5924-4139-891d-fd0b42fa19a1',628000,'PROCESSED',NULL,1771804800000,NULL,NULL,NULL);
INSERT INTO orders VALUES('73f876f4-1fd4-44d7-96b5-9b2d6f52ff04','5ca7051b-94c9-4ddc-9301-00903b3cc703','761ec835-5924-4139-891d-fd0b42fa19a1',1340000,'PROCESSED',NULL,1772150400000,NULL,NULL,NULL);
INSERT INTO orders VALUES('415b92cf-a680-4f8c-826b-f33fa5ee901b','3220e988-e584-4269-9249-46ae82a4f91d','761ec835-5924-4139-891d-fd0b42fa19a1',695000,'PROCESSED',NULL,1772150400000,NULL,NULL,NULL);
INSERT INTO orders VALUES('83e5ac73-9151-4463-8df2-3537708db34d','3220e988-e584-4269-9249-46ae82a4f91d','761ec835-5924-4139-891d-fd0b42fa19a1',60000,'PROCESSED',NULL,1772236800000,NULL,NULL,NULL);
INSERT INTO orders VALUES('fb6765a5-a597-4ff0-bc6a-71e89aa4861a','78fa5422-10dc-4a20-8256-493a8437a4dd','761ec835-5924-4139-891d-fd0b42fa19a1',793000,'PROCESSED',NULL,1772236800000,NULL,NULL,NULL);
INSERT INTO orders VALUES('1e062b33-d008-43ed-a696-686c406497dd','8207a27f-e401-4b89-8415-d223cfa30862','761ec835-5924-4139-891d-fd0b42fa19a1',953000,'PROCESSED',NULL,1772150400000,NULL,NULL,NULL);
INSERT INTO orders VALUES('f310e1ab-e2d3-42d4-8229-ea24ce55d903','8207a27f-e401-4b89-8415-d223cfa30862','761ec835-5924-4139-891d-fd0b42fa19a1',920000,'PROCESSED',NULL,1772582400000,NULL,NULL,NULL);
INSERT INTO orders VALUES('6c6c8719-df90-4c5f-b0bf-51c617542d02','f7bb0008-0b20-412c-8c32-e58d1dd7c4c8','761ec835-5924-4139-891d-fd0b42fa19a1',480000,'PROCESSED',NULL,1772236800000,NULL,NULL,NULL);
INSERT INTO orders VALUES('e89021a4-b531-48c6-b789-b96c1dec3dce','53342050-2293-43c5-af26-87657a12d222','761ec835-5924-4139-891d-fd0b42fa19a1',835000,'PROCESSED',NULL,1772150400000,NULL,NULL,NULL);
INSERT INTO orders VALUES('ae741cc2-82f1-4f09-a430-7275c6451471','c5913489-ba5c-44e8-ba3f-71c104ccc25c','761ec835-5924-4139-891d-fd0b42fa19a1',505000,'PROCESSED',NULL,1772150400000,NULL,NULL,NULL);
INSERT INTO orders VALUES('339a8824-3327-4b4b-9e6b-37ae022895e2','84a5eeff-3853-4b56-bda5-85c347e1abe6','761ec835-5924-4139-891d-fd0b42fa19a1',810000,'PROCESSED',NULL,1772150400000,NULL,NULL,NULL);
INSERT INTO orders VALUES('264ce723-2064-40a5-a0b5-f25a49d98e99','b28fab36-e66b-4025-acd8-598f4d69011f','761ec835-5924-4139-891d-fd0b42fa19a1',1289000,'PROCESSED',NULL,1772236800000,NULL,NULL,NULL);
INSERT INTO orders VALUES('835921e1-4aa3-4966-a3a1-6680515125d3','e0e1c8e5-75bb-423d-86a2-9ff338301fe4','761ec835-5924-4139-891d-fd0b42fa19a1',800000,'PROCESSED',NULL,1772236800000,NULL,NULL,NULL);
INSERT INTO orders VALUES('7622a5b7-9f37-4988-adb8-2109cc3b6dae','7136a6b3-ef44-4fe9-b68b-9c2695833725','761ec835-5924-4139-891d-fd0b42fa19a1',115000,'PROCESSED',NULL,1772236800000,NULL,NULL,NULL);
INSERT INTO orders VALUES('933899b2-5588-4a79-8d23-44bbc5d6046c','219c90fd-52a6-43b2-9f66-f6c031f3fb8f','761ec835-5924-4139-891d-fd0b42fa19a1',546000,'PROCESSED',NULL,1772236800000,NULL,NULL,NULL);
INSERT INTO orders VALUES('3514cc90-5000-4ff6-8b20-cee9ca7a22f3','219c90fd-52a6-43b2-9f66-f6c031f3fb8f','761ec835-5924-4139-891d-fd0b42fa19a1',240000,'PROCESSED',NULL,1772582400000,NULL,NULL,NULL);
INSERT INTO orders VALUES('4199ff03-a20e-4f23-b402-f5d92e94da78','219c90fd-52a6-43b2-9f66-f6c031f3fb8f','761ec835-5924-4139-891d-fd0b42fa19a1',362500,'PROCESSED',NULL,1772841600000,NULL,NULL,NULL);
INSERT INTO orders VALUES('34d45744-b607-41b7-a3b5-db3e0f6e3d26','f6c4269b-a303-41a2-a631-efdf77ab36d9','761ec835-5924-4139-891d-fd0b42fa19a1',1039000,'PROCESSED',NULL,1772150400000,NULL,NULL,NULL);
INSERT INTO orders VALUES('e4b6cdcd-919c-4557-8570-5e26a0769855','8083679b-a335-411b-8ee3-b95d28e3c7b2','761ec835-5924-4139-891d-fd0b42fa19a1',360000,'PROCESSED',NULL,1772150400000,NULL,NULL,NULL);
INSERT INTO orders VALUES('971698ba-70ba-4008-9e32-b7d53f4ef483','9e618284-a039-40c5-97c8-bf9939590128','761ec835-5924-4139-891d-fd0b42fa19a1',1543000,'PROCESSED',NULL,1772150400000,NULL,NULL,NULL);
INSERT INTO orders VALUES('4f04aecb-3992-42b7-82da-8dadbb315ec0','5c6fd645-6a90-456c-8b27-449c81870176','761ec835-5924-4139-891d-fd0b42fa19a1',169500,'PROCESSED',NULL,1772755200000,NULL,NULL,NULL);
INSERT INTO orders VALUES('a6b58fa2-4100-4948-a683-7db85df1ae44','5c6fd645-6a90-456c-8b27-449c81870176','761ec835-5924-4139-891d-fd0b42fa19a1',70000,'PROCESSED',NULL,1772841600000,NULL,NULL,NULL);
INSERT INTO orders VALUES('b8e87f2c-8ab6-45ef-80fd-395e6e15c197','2ab2bcf1-4de8-41ad-a922-fb10cba4e59e','761ec835-5924-4139-891d-fd0b42fa19a1',919000,'PROCESSED',NULL,1772150400000,NULL,NULL,NULL);
INSERT INTO orders VALUES('550c6937-a085-4659-a922-2d27c1123a29','25a51e02-703f-4826-bd1f-d70c5ae5053a','761ec835-5924-4139-891d-fd0b42fa19a1',705000,'PROCESSED',NULL,1772236800000,NULL,NULL,NULL);
INSERT INTO orders VALUES('23baec72-4ca3-455c-a260-0ac97516acc3','25a51e02-703f-4826-bd1f-d70c5ae5053a','761ec835-5924-4139-891d-fd0b42fa19a1',467000,'PROCESSED',NULL,1772755200000,NULL,NULL,NULL);
INSERT INTO orders VALUES('8bb25941-5637-42ac-92c0-8265d33a024d','14214157-e0b0-4cfe-b4fe-6dbd8ffd5958','761ec835-5924-4139-891d-fd0b42fa19a1',615000,'PROCESSED',NULL,1772236800000,NULL,NULL,NULL);
INSERT INTO orders VALUES('79226333-ff96-45b3-84b9-94e6ba3a1f6a','2ab2bcf1-4de8-41ad-a922-fb10cba4e59e','761ec835-5924-4139-891d-fd0b42fa19a1',105000,'REJECTED','salah qty sabun sakura',1772902800000,NULL,NULL,NULL);
INSERT INTO orders VALUES('a4d96cd0-632b-42c6-908c-25ea638b25b3','8207a27f-e401-4b89-8415-d223cfa30862','761ec835-5924-4139-891d-fd0b42fa19a1',250000,'PROCESSED',NULL,1772943724887,NULL,NULL,NULL);
INSERT INTO orders VALUES('9671b67a-a415-4fc9-9ae2-74ead3ea5129','2ab2bcf1-4de8-41ad-a922-fb10cba4e59e','761ec835-5924-4139-891d-fd0b42fa19a1',255000,'PROCESSED',NULL,1772943832448,NULL,NULL,NULL);
INSERT INTO orders VALUES('be224e78-4dc5-4c0e-9219-1346801df1bc','76512868-3d37-42c9-a72b-53c02b06ebf8','bc57b15e-f455-4cb9-b784-867697154af5',370000,'PROCESSED',NULL,1772816400000,NULL,NULL,NULL);
INSERT INTO orders VALUES('35ce4e26-5838-4002-a6dd-586839e0cf5d','219c90fd-52a6-43b2-9f66-f6c031f3fb8f','761ec835-5924-4139-891d-fd0b42fa19a1',372500,'REJECTED','[SuperAdmin]: salah tanggal',1772946025705,NULL,NULL,NULL);
INSERT INTO orders VALUES('ece77c10-2251-4aff-8389-dc0c58c63eca','debdcec2-d22d-4658-9edb-bc4e66974cc8','bc57b15e-f455-4cb9-b784-867697154af5',129000,'PROCESSED',NULL,1773022507795,'Approved by SuperAdmin',NULL,NULL);
INSERT INTO orders VALUES('661038c9-c0ae-4d59-aa69-138c5c7f91cf','d4f5228e-91ba-466c-a036-0a6a82c570a3','bc57b15e-f455-4cb9-b784-867697154af5',140000,'PROCESSED',NULL,1773022811139,'Approved by SuperAdmin',NULL,NULL);
INSERT INTO orders VALUES('434e603d-63e6-45c6-871f-73f1b9aa1ec2','66193008-08a9-4511-afb5-51e1ca6a8d80','761ec835-5924-4139-891d-fd0b42fa19a1',230000,'PROCESSED',NULL,1773022910445,'Approved by SuperAdmin',NULL,NULL);
INSERT INTO orders VALUES('cf05424f-494a-43a3-a24c-d7974fdbba84','3220e988-e584-4269-9249-46ae82a4f91d','761ec835-5924-4139-891d-fd0b42fa19a1',400000,'PROCESSED',NULL,1773023030255,'Approved by SuperAdmin',NULL,NULL);
INSERT INTO orders VALUES('1aa1f9a8-7ef4-4c3c-afea-8c1b6c7d0864','94a6fbfe-289a-4037-96a1-01aadf1238fd','bc57b15e-f455-4cb9-b784-867697154af5',80000,'PROCESSED',NULL,1773032215704,'Approved by SuperAdmin',NULL,NULL);
INSERT INTO orders VALUES('b041976b-11c8-4d98-be07-1dfc9c71b50c','fa7eeb9d-19a8-441d-a489-241fdc7969ec','761ec835-5924-4139-891d-fd0b42fa19a1',205000,'PROCESSED',NULL,1773033172980,NULL,NULL,NULL);
INSERT INTO orders VALUES('312dc8cf-ddbf-4629-b52d-3c0b1afad93e','2a983624-9ccb-40dd-ba2b-182b37dfd41b','761ec835-5924-4139-891d-fd0b42fa19a1',669000,'REJECTED','[SuperAdmin]: salah tanggal',1773034213413,NULL,NULL,NULL);
INSERT INTO orders VALUES('f1fa81fd-969b-46fc-ae63-2a2493d8153a','2a983624-9ccb-40dd-ba2b-182b37dfd41b','761ec835-5924-4139-891d-fd0b42fa19a1',669000,'PROCESSED',NULL,1772125200000,'Approved by SuperAdmin',NULL,NULL);
INSERT INTO orders VALUES('12234309-814c-4a24-8930-cb73a6c39ec6','2a983624-9ccb-40dd-ba2b-182b37dfd41b','761ec835-5924-4139-891d-fd0b42fa19a1',277000,'PROCESSED',NULL,1772730000000,NULL,NULL,NULL);
INSERT INTO orders VALUES('5385e2ce-e1f2-4817-8d20-7dc71e7efd53','4b4082fe-876c-4667-9b64-8b351ad64a26','761ec835-5924-4139-891d-fd0b42fa19a1',300000,'PROCESSED',NULL,1773036191160,'Approved by SuperAdmin',NULL,NULL);
INSERT INTO orders VALUES('ce20b2fe-3f62-48d7-b1b6-5d485b1d6cea','14214157-e0b0-4cfe-b4fe-6dbd8ffd5958','761ec835-5924-4139-891d-fd0b42fa19a1',330000,'PROCESSED',NULL,1773055705312,'Approved by SuperAdmin',NULL,NULL);
INSERT INTO orders VALUES('a8b12373-94c9-407c-80b6-ac2ee892c2e7','5c6fd645-6a90-456c-8b27-449c81870176','761ec835-5924-4139-891d-fd0b42fa19a1',557500,'PROCESSED',NULL,1773110910052,'Approved by SuperAdmin',NULL,NULL);
INSERT INTO orders VALUES('5afd957e-49c7-44d4-96f1-012b3b49c0ab','7136a6b3-ef44-4fe9-b68b-9c2695833725','761ec835-5924-4139-891d-fd0b42fa19a1',192500,'PROCESSED',NULL,1772989200000,'Approved by SuperAdmin',NULL,NULL);
INSERT INTO orders VALUES('5b869fd1-13e5-41c5-9472-28b0867d4807','cc36d53a-81cb-4d70-92db-857b9cd3110b','761ec835-5924-4139-891d-fd0b42fa19a1',30000,'PROCESSED',NULL,1772989200000,'Approved by SuperAdmin',NULL,NULL);
INSERT INTO orders VALUES('5ed7b724-166f-45d5-b292-64b1c8ff92b0','e0e1c8e5-75bb-423d-86a2-9ff338301fe4','761ec835-5924-4139-891d-fd0b42fa19a1',340000,'PROCESSED',NULL,1772989200000,'Approved by SuperAdmin',NULL,NULL);
INSERT INTO orders VALUES('ff1c415b-6372-411a-a11c-13a88b541f7d','f7bb0008-0b20-412c-8c32-e58d1dd7c4c8','761ec835-5924-4139-891d-fd0b42fa19a1',300000,'PROCESSED',NULL,1772989200000,'Approved by SuperAdmin',NULL,NULL);
INSERT INTO orders VALUES('12802c07-7166-4b0c-ad58-a2233ba2798b','8083679b-a335-411b-8ee3-b95d28e3c7b2','761ec835-5924-4139-891d-fd0b42fa19a1',475000,'PROCESSED',NULL,1773111512929,'Approved by SuperAdmin',NULL,NULL);
INSERT INTO orders VALUES('fda8a1c5-d72d-4f53-a45c-a807d61c6465','84a5eeff-3853-4b56-bda5-85c347e1abe6','761ec835-5924-4139-891d-fd0b42fa19a1',37000,'PROCESSED',NULL,1772989200000,'Approved by SuperAdmin',NULL,NULL);
INSERT INTO orders VALUES('7520c466-ecd6-4fef-b626-43dded0315d1','78fa5422-10dc-4a20-8256-493a8437a4dd','761ec835-5924-4139-891d-fd0b42fa19a1',330000,'PROCESSED',NULL,1773112912346,'Approved by SuperAdmin',NULL,NULL);
INSERT INTO orders VALUES('825968a3-c990-47af-b067-2c5bf41e4682','8869a2b1-c0d5-4243-b83c-6c3ee6868d23','bc57b15e-f455-4cb9-b784-867697154af5',230000,'PROCESSED',NULL,1773121492944,'Created on behalf by SuperAdmin','0c22e934-f7ec-445e-88a1-9785e4742d5b',NULL);
INSERT INTO orders VALUES('d15cb9af-131a-4e93-90f0-bf7c0840e6e5','33945e29-4ec5-4387-92e9-6d7dc46a3256','761ec835-5924-4139-891d-fd0b42fa19a1',469000,'PROCESSED',NULL,1773122136181,'Created on behalf by SuperAdmin','0c22e934-f7ec-445e-88a1-9785e4742d5b',NULL);
INSERT INTO orders VALUES('e5d40403-d565-4869-88e7-ea079f076feb','53342050-2293-43c5-af26-87657a12d222','761ec835-5924-4139-891d-fd0b42fa19a1',200000,'PROCESSED',NULL,1773132555004,'Approved by SuperAdmin',NULL,NULL);
INSERT INTO orders VALUES('05a375a8-d2b2-448c-b41c-fb52be57c58b','c361ee93-a664-4965-86b2-f99ab0bfed48','bc57b15e-f455-4cb9-b784-867697154af5',886000,'PROCESSED',NULL,1773143721813,'Created on behalf by SuperAdmin','0c22e934-f7ec-445e-88a1-9785e4742d5b',NULL);
INSERT INTO orders VALUES('5fd3fd66-f2be-4a4e-aa5f-1ac333b2c1c3','5757dd9a-9296-4d49-be17-d9c8717e327e','bc57b15e-f455-4cb9-b784-867697154af5',155000,'PROCESSED',NULL,1772755200000,'Created on behalf by SuperAdmin','0c22e934-f7ec-445e-88a1-9785e4742d5b',NULL);
INSERT INTO orders VALUES('0db98075-54f4-497b-a52a-788116e2cd6b','5c6fd645-6a90-456c-8b27-449c81870176','761ec835-5924-4139-891d-fd0b42fa19a1',280000,'PROCESSED',NULL,1772751139200,'Created on behalf by SuperAdmin','0c22e934-f7ec-445e-88a1-9785e4742d5b',NULL);
INSERT INTO orders VALUES('001021e3-a5ec-4009-a80c-9670d8c399a7','5757dd9a-9296-4d49-be17-d9c8717e327e','bc57b15e-f455-4cb9-b784-867697154af5',516000,'PROCESSED',NULL,1773199344270,'Approved by SuperAdmin',NULL,NULL);
INSERT INTO orders VALUES('cac58aa5-67c6-45a8-a803-ed33dcd567e6','5757dd9a-9296-4d49-be17-d9c8717e327e','bc57b15e-f455-4cb9-b784-867697154af5',1286000,'PROCESSED',NULL,1773202574232,'Approved by SuperAdmin',NULL,NULL);
INSERT INTO orders VALUES('4f41b245-d9bd-4459-b603-7513876c6f2c','bdff73ac-d535-4880-bb83-59ae0dcb377b','bc57b15e-f455-4cb9-b784-867697154af5',379000,'PROCESSED',NULL,1773212634656,'Approved by SuperAdmin',NULL,NULL);
INSERT INTO orders VALUES('d96017e3-36dd-4818-9516-7f8c9a91c493','debdcec2-d22d-4658-9edb-bc4e66974cc8','bc57b15e-f455-4cb9-b784-867697154af5',96000,'PROCESSED',NULL,1773273600000,'Created on behalf by SuperAdmin','0c22e934-f7ec-445e-88a1-9785e4742d5b',NULL);
INSERT INTO orders VALUES('616b76de-05f6-454c-b123-b50d2f11036b','debdcec2-d22d-4658-9edb-bc4e66974cc8','bc57b15e-f455-4cb9-b784-867697154af5',551000,'PROCESSED',NULL,1773273600000,'Created on behalf by SuperAdmin','0c22e934-f7ec-445e-88a1-9785e4742d5b',NULL);
INSERT INTO orders VALUES('4e1bcda7-39bd-4557-a30e-2f5415b7506c','53342050-2293-43c5-af26-87657a12d222','761ec835-5924-4139-891d-fd0b42fa19a1',260000,'PROCESSED',NULL,1773273600000,'Created on behalf by SuperAdmin','0c22e934-f7ec-445e-88a1-9785e4742d5b',NULL);
INSERT INTO orders VALUES('d6fb18b1-68c5-46a2-92ba-f348cff1fd32','9e618284-a039-40c5-97c8-bf9939590128','761ec835-5924-4139-891d-fd0b42fa19a1',230000,'PROCESSED',NULL,1773360000000,'Created on behalf by SuperAdmin','0c22e934-f7ec-445e-88a1-9785e4742d5b',NULL);
INSERT INTO orders VALUES('fc71a88c-ce65-4f39-a268-7eeaa87614aa','fa7eeb9d-19a8-441d-a489-241fdc7969ec','761ec835-5924-4139-891d-fd0b42fa19a1',300000,'PROCESSED',NULL,1773360000000,'Created on behalf by SuperAdmin','0c22e934-f7ec-445e-88a1-9785e4742d5b',NULL);
INSERT INTO orders VALUES('2aa5ee9d-44b1-44c2-a058-eb8b3dd895b7','b28fab36-e66b-4025-acd8-598f4d69011f','761ec835-5924-4139-891d-fd0b42fa19a1',545000,'PROCESSED',NULL,1773360000000,'Created on behalf by SuperAdmin','0c22e934-f7ec-445e-88a1-9785e4742d5b','');
INSERT INTO orders VALUES('7083cd02-fde5-4752-b2aa-4233a9bdfef5','3220e988-e584-4269-9249-46ae82a4f91d','761ec835-5924-4139-891d-fd0b42fa19a1',380000,'PROCESSED',NULL,1773360000000,'Created on behalf by SuperAdmin','0c22e934-f7ec-445e-88a1-9785e4742d5b',NULL);
INSERT INTO orders VALUES('f5e8e434-cebd-4d61-9dc0-08a4735c9255','debdcec2-d22d-4658-9edb-bc4e66974cc8','bc57b15e-f455-4cb9-b784-867697154af5',96000,'PROCESSED',NULL,1773360000000,'Created on behalf by SuperAdmin','0c22e934-f7ec-445e-88a1-9785e4742d5b',NULL);
INSERT INTO orders VALUES('b37145b7-d631-43f9-bbbd-4ab294143855','debdcec2-d22d-4658-9edb-bc4e66974cc8','bc57b15e-f455-4cb9-b784-867697154af5',671000,'PROCESSED',NULL,1773360000000,'Created on behalf by SuperAdmin','0c22e934-f7ec-445e-88a1-9785e4742d5b',NULL);
INSERT INTO orders VALUES('15261c1c-6f30-4f8e-9a60-f584d9cf7f8e','debdcec2-d22d-4658-9edb-bc4e66974cc8','bc57b15e-f455-4cb9-b784-867697154af5',96000,'PROCESSED',NULL,1773360000000,'Created on behalf by SuperAdmin','0c22e934-f7ec-445e-88a1-9785e4742d5b',NULL);
INSERT INTO orders VALUES('f5ea25d6-65ff-46fb-84f9-5b6da2aae74f','94a6fbfe-289a-4037-96a1-01aadf1238fd','bc57b15e-f455-4cb9-b784-867697154af5',225000,'PROCESSED',NULL,1773360000000,'Created on behalf by SuperAdmin','0c22e934-f7ec-445e-88a1-9785e4742d5b',NULL);
INSERT INTO orders VALUES('99d542bd-d498-4e8f-9d53-6e2d354a1523','94a6fbfe-289a-4037-96a1-01aadf1238fd','bc57b15e-f455-4cb9-b784-867697154af5',225000,'PROCESSED',NULL,1773360000000,'Created on behalf by SuperAdmin','0c22e934-f7ec-445e-88a1-9785e4742d5b',NULL);
INSERT INTO orders VALUES('33ddb7b8-5b86-4a7c-8f3b-4f44c5c55aac','e0e1c8e5-75bb-423d-86a2-9ff338301fe4','761ec835-5924-4139-891d-fd0b42fa19a1',650000,'PROCESSED',NULL,1773360000000,'Created on behalf by SuperAdmin','0c22e934-f7ec-445e-88a1-9785e4742d5b',NULL);
INSERT INTO orders VALUES('0fff163f-a3c7-4678-8acb-fad011ee460d','5ca7051b-94c9-4ddc-9301-00903b3cc703','761ec835-5924-4139-891d-fd0b42fa19a1',260000,'PROCESSED',NULL,1773446400000,'Created on behalf by SuperAdmin','0c22e934-f7ec-445e-88a1-9785e4742d5b',NULL);
INSERT INTO orders VALUES('ec0cd657-7b4e-4cac-adce-634c87ac8952','8869a2b1-c0d5-4243-b83c-6c3ee6868d23','bc57b15e-f455-4cb9-b784-867697154af5',70000,'PROCESSED',NULL,1773360000000,'Created on behalf by SuperAdmin','0c22e934-f7ec-445e-88a1-9785e4742d5b',NULL);
INSERT INTO orders VALUES('cd5371d7-14bb-496e-a56b-4411cf5b324e','94a6fbfe-289a-4037-96a1-01aadf1238fd','bc57b15e-f455-4cb9-b784-867697154af5',423000,'PROCESSED',NULL,1773446400000,'Created on behalf by SuperAdmin','0c22e934-f7ec-445e-88a1-9785e4742d5b',NULL);
INSERT INTO orders VALUES('27dbc25f-0938-4bc3-b599-31d6c81de27f','8869a2b1-c0d5-4243-b83c-6c3ee6868d23','bc57b15e-f455-4cb9-b784-867697154af5',225000,'PROCESSED',NULL,1773446400000,'Created on behalf by SuperAdmin','0c22e934-f7ec-445e-88a1-9785e4742d5b',NULL);
INSERT INTO orders VALUES('5f64271c-2292-4b6e-8eed-b98b19e76fcb','8869a2b1-c0d5-4243-b83c-6c3ee6868d23','bc57b15e-f455-4cb9-b784-867697154af5',377000,'PROCESSED',NULL,1773532800000,'Created on behalf by SuperAdmin','0c22e934-f7ec-445e-88a1-9785e4742d5b',NULL);
INSERT INTO orders VALUES('c053d6fa-2de6-4394-8bf8-11168a865149','e3b1132e-78a8-48ab-a498-ed98b04dc1ce','bc57b15e-f455-4cb9-b784-867697154af5',155000,'PROCESSED',NULL,1773532800000,'Created on behalf by SuperAdmin','0c22e934-f7ec-445e-88a1-9785e4742d5b',NULL);
INSERT INTO orders VALUES('12d057fd-7a25-44ed-ab00-f7ea381fa50e','8869a2b1-c0d5-4243-b83c-6c3ee6868d23','bc57b15e-f455-4cb9-b784-867697154af5',225000,'PROCESSED',NULL,1773532800000,'Created on behalf by SuperAdmin','0c22e934-f7ec-445e-88a1-9785e4742d5b',NULL);
INSERT INTO orders VALUES('77ce5f7b-f691-426e-a92e-ee1cae775726','4a115fe5-3279-4824-bba0-93ff61f5c136','bc57b15e-f455-4cb9-b784-867697154af5',40000,'PROCESSED',NULL,1773619200000,'Created on behalf by SuperAdmin','0c22e934-f7ec-445e-88a1-9785e4742d5b',NULL);
INSERT INTO orders VALUES('12e011c6-0823-4194-8026-55b4c2e594da','4a115fe5-3279-4824-bba0-93ff61f5c136','bc57b15e-f455-4cb9-b784-867697154af5',380000,'PROCESSED',NULL,1773619200000,'Created on behalf by SuperAdmin','0c22e934-f7ec-445e-88a1-9785e4742d5b',NULL);
INSERT INTO orders VALUES('9a8adc6a-5c01-41c1-a48d-b7a7458e69d3','8fdc5926-2438-4366-91f4-d9cd89ef8b95','bc57b15e-f455-4cb9-b784-867697154af5',382000,'PROCESSED',NULL,1773792000000,'Created on behalf by SuperAdmin','0c22e934-f7ec-445e-88a1-9785e4742d5b',NULL);
INSERT INTO orders VALUES('83f9a866-8681-4639-a592-987dfb59263c','53342050-2293-43c5-af26-87657a12d222','761ec835-5924-4139-891d-fd0b42fa19a1',100000,'PROCESSED',NULL,1774417211554,'Approved by SuperAdmin',NULL,'Lembur');
INSERT INTO orders VALUES('0d148968-aa8c-4ab9-ad49-54b13da84349','c5913489-ba5c-44e8-ba3f-71c104ccc25c','761ec835-5924-4139-891d-fd0b42fa19a1',165000,'PROCESSED',NULL,1774417445276,'Approved by SuperAdmin',NULL,'LEMBUR');
INSERT INTO orders VALUES('e7012433-9e64-4a1f-a44d-9af0d712cbac','b28fab36-e66b-4025-acd8-598f4d69011f','761ec835-5924-4139-891d-fd0b42fa19a1',150000,'PROCESSED',NULL,1774417718705,'Approved by SuperAdmin',NULL,'LEBUR TAMBAHAN');
INSERT INTO orders VALUES('c91d6390-f17b-4b12-92fe-1999b7bd1857','c361ee93-a664-4965-86b2-f99ab0bfed48','bc57b15e-f455-4cb9-b784-867697154af5',443000,'PROCESSED',NULL,1774630800000,NULL,NULL,'BULANAN');
INSERT INTO orders VALUES('ae96d139-67ec-498e-b951-b2c084d6a84d','6dbdc678-834f-47ea-aa02-36ceee22597a','761ec835-5924-4139-891d-fd0b42fa19a1',33000,'PROCESSED',NULL,1774717200000,NULL,NULL,'bulanan');
INSERT INTO orders VALUES('324b971d-7020-43ef-a25d-1c3b5403f72a','8a65ddff-8d5b-49bc-8656-b7c30d2d14d4','bc57b15e-f455-4cb9-b784-867697154af5',350000,'PROCESSED',NULL,1774776755469,NULL,NULL,'LEMBUR');
INSERT INTO orders VALUES('7c7028c1-c146-4f41-8619-a9098c558644','91db8a1a-3460-4b22-b144-536cb96273a5','761ec835-5924-4139-891d-fd0b42fa19a1',942000,'REJECTED','regulator batal',1774841023242,NULL,NULL,'');
INSERT INTO orders VALUES('5d7abc48-8976-4a26-b939-f95e44bcc1e0','8869a2b1-c0d5-4243-b83c-6c3ee6868d23','bc57b15e-f455-4cb9-b784-867697154af5',35000,'PROCESSED',NULL,1774841182840,'Approved by SuperAdmin',NULL,'Bulanan ');
INSERT INTO orders VALUES('b245aabf-94fd-4ca8-9912-2bc30c39edcd','14214157-e0b0-4cfe-b4fe-6dbd8ffd5958','761ec835-5924-4139-891d-fd0b42fa19a1',867000,'REJECTED','revisi parfum',1774841274050,NULL,NULL,'Baru');
INSERT INTO orders VALUES('6440b6ae-972d-404f-bb10-b1d4ee9470ac','33945e29-4ec5-4387-92e9-6d7dc46a3256','761ec835-5924-4139-891d-fd0b42fa19a1',250000,'REJECTED','revisi sabun',1774841370647,NULL,NULL,'');
INSERT INTO orders VALUES('417acdb7-5a34-4b3b-ba69-999fae2b5381','f6c4269b-a303-41a2-a631-efdf77ab36d9','761ec835-5924-4139-891d-fd0b42fa19a1',925000,'PROCESSED',NULL,1774841453295,'',NULL,'bulanan');
INSERT INTO orders VALUES('5f77c0a0-604b-47af-b4a1-634e8922e3e1','08db9fdb-5753-4bc3-b1d1-b3b39d20aebb','bc57b15e-f455-4cb9-b784-867697154af5',275000,'PROCESSED',NULL,1774843659956,'Approved by SuperAdmin',NULL,'bulanan');
INSERT INTO orders VALUES('6b6ff660-3e11-4a57-9022-daa40ce841ea','2a983624-9ccb-40dd-ba2b-182b37dfd41b','761ec835-5924-4139-891d-fd0b42fa19a1',512000,'PROCESSED',NULL,1774843909889,'',NULL,'bulanan');
INSERT INTO orders VALUES('540a308d-41a3-43ae-a6b3-3d3aef6c151c','33945e29-4ec5-4387-92e9-6d7dc46a3256','761ec835-5924-4139-891d-fd0b42fa19a1',710000,'PROCESSED',NULL,1774844542156,NULL,NULL,'');
INSERT INTO orders VALUES('46efd437-2201-41eb-b5a9-de452b66e460','d4f5228e-91ba-466c-a036-0a6a82c570a3','bc57b15e-f455-4cb9-b784-867697154af5',175000,'REJECTED','[SuperAdmin]: pesan yang benar ya',1774844429347,NULL,NULL,replace('Solasi,1,gulung\nParpum ,1,D\nPelastik pack,40,1kg\nPelastik pack,45,3kg','\n',char(10)));
INSERT INTO orders VALUES('e4b2be59-6993-45ef-9e6b-18f883d9dd74','91db8a1a-3460-4b22-b144-536cb96273a5','761ec835-5924-4139-891d-fd0b42fa19a1',482000,'PROCESSED',NULL,1774845059683,'',NULL,'bulanan');
INSERT INTO orders VALUES('f24d99b1-8e30-4fc7-9840-01a9868383fa','14214157-e0b0-4cfe-b4fe-6dbd8ffd5958','761ec835-5924-4139-891d-fd0b42fa19a1',702000,'PROCESSED',NULL,1774844944169,'',NULL,'bulanan');
INSERT INTO orders VALUES('c8265ad6-6c17-4fe2-aa9c-9e4895db24ad','2a983624-9ccb-40dd-ba2b-182b37dfd41b','761ec835-5924-4139-891d-fd0b42fa19a1',170000,'PROCESSED',NULL,1774845856833,'',NULL,'Pesanan tambahan bulanan');
INSERT INTO orders VALUES('6ad3e234-104d-440c-9dbe-d12eeaf154f6','78fa5422-10dc-4a20-8256-493a8437a4dd','761ec835-5924-4139-891d-fd0b42fa19a1',474500,'PROCESSED',NULL,1774846159442,'',NULL,'bulanan');
INSERT INTO orders VALUES('d79beb71-0984-4252-8821-2a182219aaa7','d4f5228e-91ba-466c-a036-0a6a82c570a3','bc57b15e-f455-4cb9-b784-867697154af5',538000,'PROCESSED',NULL,1774846451014,'Approved by SuperAdmin',NULL,replace('bulanan\n','\n',char(10)));
INSERT INTO orders VALUES('2ba43f1b-1621-46fa-9a0c-fb4e93ae60ee','9e618284-a039-40c5-97c8-bf9939590128','761ec835-5924-4139-891d-fd0b42fa19a1',15000,'REJECTED','cancel',1774847461986,NULL,NULL,'');
INSERT INTO orders VALUES('07226fe1-2244-4f18-9697-bdd85e823823','8fdc5926-2438-4366-91f4-d9cd89ef8b95','bc57b15e-f455-4cb9-b784-867697154af5',812000,'PROCESSED',NULL,1774847594701,'Approved by SuperAdmin',NULL,'bulanan');
INSERT INTO orders VALUES('dd97191d-3526-4101-b327-5c8e5fe23b4b','cc36d53a-81cb-4d70-92db-857b9cd3110b','761ec835-5924-4139-891d-fd0b42fa19a1',889000,'PROCESSED',NULL,1774847781160,'',NULL,'bulanan');
INSERT INTO orders VALUES('571d5a11-2164-4e34-8ac1-b05bbd944afc','bdff73ac-d535-4880-bb83-59ae0dcb377b','bc57b15e-f455-4cb9-b784-867697154af5',227000,'PROCESSED',NULL,1774976400000,'Approved by SuperAdmin',NULL,'');
INSERT INTO orders VALUES('184ffcd2-907d-4d59-ae30-4d4212fc4649','5c6fd645-6a90-456c-8b27-449c81870176','761ec835-5924-4139-891d-fd0b42fa19a1',340000,'PROCESSED',NULL,1774848959352,'',NULL,'');
INSERT INTO orders VALUES('ccf33875-49de-4eaf-ae92-b0e957dfcd54','8a65ddff-8d5b-49bc-8656-b7c30d2d14d4','bc57b15e-f455-4cb9-b784-867697154af5',594000,'PROCESSED',NULL,1774849191395,'Approved by SuperAdmin',NULL,'bulanan');
INSERT INTO orders VALUES('7126549a-993a-4917-ae41-8b690dbe190a','7136a6b3-ef44-4fe9-b68b-9c2695833725','761ec835-5924-4139-891d-fd0b42fa19a1',889000,'PROCESSED',NULL,1774854483010,'',NULL,'bulanan');
INSERT INTO orders VALUES('036f20ef-166b-4792-943e-ee57f75ac979','b28fab36-e66b-4025-acd8-598f4d69011f','761ec835-5924-4139-891d-fd0b42fa19a1',480000,'PROCESSED',NULL,1774855516039,NULL,NULL,'');
INSERT INTO orders VALUES('c0ac57c3-262e-4ad4-bb74-f06afd118cad','4b4082fe-876c-4667-9b64-8b351ad64a26','761ec835-5924-4139-891d-fd0b42fa19a1',565000,'PROCESSED',NULL,1774855766824,'',NULL,'bulanan');
INSERT INTO orders VALUES('0d53594d-9055-467a-86e1-d6b688d17b8f','ae313745-859b-4bb3-af1a-c72f565a70fb','761ec835-5924-4139-891d-fd0b42fa19a1',270000,'PROCESSED',NULL,1774857255927,'',NULL,'Tambahan bulanan');
INSERT INTO orders VALUES('fb6dc62f-77ea-4fe2-824c-44932ac0665c','94a6fbfe-289a-4037-96a1-01aadf1238fd','bc57b15e-f455-4cb9-b784-867697154af5',585000,'SUCCESS',NULL,1774828800000,'Created on behalf by SuperAdmin','0c22e934-f7ec-445e-88a1-9785e4742d5b','');
INSERT INTO orders VALUES('939959e6-7fec-4fd0-9f87-aba1ee2e419d','94a6fbfe-289a-4037-96a1-01aadf1238fd','bc57b15e-f455-4cb9-b784-867697154af5',585000,'PROCESSED',NULL,1774862732827,'Approved by SuperAdmin',NULL,'awal bulan');
INSERT INTO orders VALUES('9048c9f9-e890-42c3-86eb-749cb93999d7','2ab2bcf1-4de8-41ad-a922-fb10cba4e59e','761ec835-5924-4139-891d-fd0b42fa19a1',410000,'PROCESSED',NULL,1774863555235,'',NULL,'bulanan');
INSERT INTO orders VALUES('3454ec05-852a-494f-8ae9-24c81cfab8ab','5757dd9a-9296-4d49-be17-d9c8717e327e','bc57b15e-f455-4cb9-b784-867697154af5',515000,'PROCESSED',NULL,1774872117746,'Approved by SuperAdmin',NULL,'bulanan');
INSERT INTO orders VALUES('f29e6aec-9c75-43c3-accc-5d836140e6ab','5c6fd645-6a90-456c-8b27-449c81870176','761ec835-5924-4139-891d-fd0b42fa19a1',30000,'REJECTED','revisi',1774918757346,NULL,NULL,'tambahan');
INSERT INTO orders VALUES('6556e1fe-b0f4-4c31-9a4a-c9a7763c0e53','78fa5422-10dc-4a20-8256-493a8437a4dd','761ec835-5924-4139-891d-fd0b42fa19a1',280000,'PROCESSED',NULL,1774926451629,NULL,NULL,'Pesanan tambahan');
INSERT INTO orders VALUES('d05b400a-8e85-44ec-a2da-45d47d97b232','c361ee93-a664-4965-86b2-f99ab0bfed48','bc57b15e-f455-4cb9-b784-867697154af5',150000,'PROCESSED',NULL,1774929933110,'Approved by SuperAdmin',NULL,'bulanan');
INSERT INTO orders VALUES('fc5dd2d1-3f86-4eab-8977-a62041cd3b90','76512868-3d37-42c9-a72b-53c02b06ebf8','bc57b15e-f455-4cb9-b784-867697154af5',55000,'PROCESSED',NULL,1774939067560,'Approved by SuperAdmin',NULL,'bulanan');
INSERT INTO orders VALUES('dd4644e1-2fc0-43f0-bda4-116041554ee7','0aea9e44-5eb9-4a93-a2cb-1d7faaee077d','761ec835-5924-4139-891d-fd0b42fa19a1',1121000,'PROCESSED',NULL,1774944227226,NULL,NULL,'Stock awal bulan');
INSERT INTO orders VALUES('a0337cb7-c78c-4f5d-91f1-db57d910385c','8207a27f-e401-4b89-8415-d223cfa30862','761ec835-5924-4139-891d-fd0b42fa19a1',916000,'PROCESSED',NULL,1774944807996,NULL,NULL,'');
INSERT INTO orders VALUES('646e9430-2249-4368-a053-1c4310277414','361539dd-9110-4502-bf58-f5c68218390f','761ec835-5924-4139-891d-fd0b42fa19a1',357000,'PROCESSED',NULL,1774960930285,NULL,NULL,'untuk priode normal bkn lembur');
INSERT INTO orders VALUES('e3c18615-f24a-4bfb-a27a-ea0c1655c98d','debdcec2-d22d-4658-9edb-bc4e66974cc8','bc57b15e-f455-4cb9-b784-867697154af5',541000,'PROCESSED',NULL,1775009403240,'Approved by SuperAdmin',NULL,'BULANAN');
INSERT INTO orders VALUES('9d934a08-b64d-40a1-8df9-cbe4e2c3d748','8fdc5926-2438-4366-91f4-d9cd89ef8b95','bc57b15e-f455-4cb9-b784-867697154af5',300000,'PROCESSED',NULL,1775010596686,'Approved by SuperAdmin',NULL,'Buat laundry l24jrd');
INSERT INTO orders VALUES('f88a5649-aa27-402e-a432-b6d51a54d3fc','4a115fe5-3279-4824-bba0-93ff61f5c136','bc57b15e-f455-4cb9-b784-867697154af5',300000,'PROCESSED',NULL,1775001600000,'Created on behalf by SuperAdmin','0c22e934-f7ec-445e-88a1-9785e4742d5b','ACC IBU ERA');
INSERT INTO orders VALUES('25cdfe00-72bb-4575-bf20-69274bdb4e58','e3b1132e-78a8-48ab-a498-ed98b04dc1ce','bc57b15e-f455-4cb9-b784-867697154af5',386000,'PROCESSED',NULL,1775001600000,'Created on behalf by SuperAdmin','0c22e934-f7ec-445e-88a1-9785e4742d5b','SUDAH DI AMBIL');
INSERT INTO orders VALUES('93340edb-1641-4e1e-902b-6fa6029b12bc','53342050-2293-43c5-af26-87657a12d222','761ec835-5924-4139-891d-fd0b42fa19a1',250000,'PACKING',NULL,1775012679916,NULL,NULL,'');
INSERT INTO orders VALUES('35025a44-70cc-43be-b9b7-42d60050191a','8869a2b1-c0d5-4243-b83c-6c3ee6868d23','bc57b15e-f455-4cb9-b784-867697154af5',210000,'PROCESSED',NULL,1775014576065,'Approved by SuperAdmin',NULL,'Galuh (bulanan)');
INSERT INTO orders VALUES('e1c975dc-948c-4050-9423-dc3e46cba3c6','c5913489-ba5c-44e8-ba3f-71c104ccc25c','761ec835-5924-4139-891d-fd0b42fa19a1',200000,'PENDING_APPROVAL',NULL,1775015071500,NULL,NULL,'');
INSERT INTO orders VALUES('2f42b083-9aea-42e0-bbe7-83f0a8a3707b','f7bb0008-0b20-412c-8c32-e58d1dd7c4c8','761ec835-5924-4139-891d-fd0b42fa19a1',275000,'PENDING_APPROVAL',NULL,1775015445537,NULL,NULL,'');
INSERT INTO orders VALUES('879db254-22ce-4f01-bf2d-1fbd320e16f5','8083679b-a335-411b-8ee3-b95d28e3c7b2','761ec835-5924-4139-891d-fd0b42fa19a1',1056000,'PENDING_APPROVAL',NULL,1775027604179,NULL,NULL,'');
INSERT INTO orders VALUES('ce3cae78-232d-44f0-809b-25d45519c270','9e618284-a039-40c5-97c8-bf9939590128','761ec835-5924-4139-891d-fd0b42fa19a1',375000,'PENDING_APPROVAL',NULL,1775028524249,NULL,NULL,'');
INSERT INTO orders VALUES('260322a3-8a44-438c-b614-160de24fca25','9e618284-a039-40c5-97c8-bf9939590128','761ec835-5924-4139-891d-fd0b42fa19a1',10000,'PENDING_APPROVAL',NULL,1775028955372,NULL,NULL,'Tambahan ');
INSERT INTO orders VALUES('681806ff-7e5f-401e-8b27-65f407d2b8f7','94a6fbfe-289a-4037-96a1-01aadf1238fd','bc57b15e-f455-4cb9-b784-867697154af5',452500,'PACKING',NULL,1774976400000,'Approved by SuperAdmin',NULL,'Awal bulan pahlawan');
INSERT INTO orders VALUES('b181f699-522c-45a9-8238-3ebcc492ebe1','4a115fe5-3279-4824-bba0-93ff61f5c136','bc57b15e-f455-4cb9-b784-867697154af5',876000,'PROCESSED',NULL,1775032731668,'Approved by SuperAdmin',NULL,'');
INSERT INTO orders VALUES('b57a0818-8d8b-4a50-ad89-2b22dd0cc394','bdff73ac-d535-4880-bb83-59ae0dcb377b','bc57b15e-f455-4cb9-b784-867697154af5',155000,'APPROVED',NULL,1775033570892,'Approved by SuperAdmin',NULL,'Parfum Maura');
INSERT INTO orders VALUES('33f1717f-e168-4dc1-be7c-bbdaf4af43f3','e0e1c8e5-75bb-423d-86a2-9ff338301fe4','761ec835-5924-4139-891d-fd0b42fa19a1',1443000,'PENDING_APPROVAL',NULL,1775039660485,NULL,NULL,'udin ideng ( awal-pertengahan bulan )');
INSERT INTO orders VALUES('50b74afb-1b8f-4148-bdef-96210c4ad549','84a5eeff-3853-4b56-bda5-85c347e1abe6','761ec835-5924-4139-891d-fd0b42fa19a1',514000,'PENDING_APPROVAL',NULL,1775042882935,NULL,NULL,'');
INSERT INTO orders VALUES('1bbddffd-9edc-4001-a83e-d0dda6ddc25f','debdcec2-d22d-4658-9edb-bc4e66974cc8','bc57b15e-f455-4cb9-b784-867697154af5',45000,'PENDING_APPROVAL',NULL,1775092824028,NULL,NULL,'');
CREATE TABLE IF NOT EXISTS `products` (
	`id` text PRIMARY KEY NOT NULL,
	`name` text NOT NULL,
	`sku` text NOT NULL,
	`base_price` integer NOT NULL
, `image_url` text, `stock` integer DEFAULT 0 NOT NULL, `unit` text DEFAULT 'Pcs' NOT NULL, "created_at" integer, `deleted_at` integer);
INSERT INTO products VALUES('7bcc871a-babf-48c6-8f6a-52bbd4c79cc4','Softener Dinda 5 Liter','SOFT-2423',55000,'https://zptoohulgnab9von.public.blob.vercel-storage.com/Gemini_Generated_Image_l71vzal71vzal71v.png',74,'Drigen',1772730000,NULL);
INSERT INTO products VALUES('ceea1617-d998-4014-9136-7ea15e31da3b','Karbol Dinda','KBL-001',16000,'https://zptoohulgnab9von.public.blob.vercel-storage.com/Gemini_Generated_Image_32gc2832gc2832gc.png',60,'Drigen',1772730000,1773060986);
INSERT INTO products VALUES('59130929-5904-4a4d-bee1-3fbdb7d9bec0','Pulpen','PLPN-001',6000,'https://i.pinimg.com/1200x/ae/e6/fa/aee6facea65a49f9e70ef088d516b0ab.jpg',77,'PCS',1772730000,NULL);
INSERT INTO products VALUES('2db01f58-ac92-473e-aaa9-09614aac120e','Gunting','GTG-001',14000,'https://i.pinimg.com/736x/f4/bc/b5/f4bcb577402d2b0f2df042a4f38a365e.jpg',54,'PCS',1772730000,NULL);
INSERT INTO products VALUES('03a9d97a-58c4-4112-ab97-f451c6206f43','Thermal Besar','THML-001',8000,'https://i.pinimg.com/1200x/53/64/e8/5364e81d60bebd2ebc0b810c6e8ef16f.jpg',64,'ROLL',1772730000,NULL);
INSERT INTO products VALUES('38f4f998-ae3f-470a-820c-5532a0c1ead9','Thermal Kecil','THML-002',40000,'https://i.pinimg.com/736x/0e/16/c5/0e16c54553f121fc9ab0d70ae0789b4d.jpg',78,'PCS',1772730000,NULL);
INSERT INTO products VALUES('cf156995-6fc8-409a-8b73-35d30dbe316d','Solasi Bening','SOL-001',40000,'https://i.pinimg.com/1200x/54/d3/67/54d367b6ba4d570947c6ba39f3a4a24e.jpg',75,'ROLL',1772792938,NULL);
INSERT INTO products VALUES('b09d304c-abea-4777-af0e-c228e123f02a','SABUN SAKURA','SAB-SAKURA-LTR',50000,'https://zptoohulgnab9von.public.blob.vercel-storage.com/9689.jpg',4,'DRG',1772797379,NULL);
INSERT INTO products VALUES('4a9928b1-2d55-4f9a-818a-42e408ab06c5','SOFTENER','SFT-GENERIC-LTR',50000,NULL,60,'DRG',1772797379,NULL);
INSERT INTO products VALUES('06b0ecf4-adac-41fc-8a90-c200ec6eb809','KARBOL','SAB-KARBOL-DRG',50000,'https://zptoohulgnab9von.public.blob.vercel-storage.com/Gemini_Generated_Image_32gc2832gc2832gc.png',65,'DRG',1772797380,NULL);
INSERT INTO products VALUES('35aaa6e2-79aa-42fd-b93c-3054e7466910','PARFUM','PRF-GENERIC-LTR',50000,NULL,45,'DRG',1772797380,NULL);
INSERT INTO products VALUES('375a1926-ed27-4f2c-856c-3659393e6a47','PARFUM SWEET POPPY','PRF-SWPOPPY-LTR',50000,NULL,0,'DRG',1772797381,NULL);
INSERT INTO products VALUES('02240f3f-2fdb-4ebf-b186-95e089f40823','PARFUM MAURA','PRF-MAURA-LTR',50000,NULL,0,'DRG',1772797382,NULL);
INSERT INTO products VALUES('c18fdcc5-82dc-4f0b-844d-bdfa1d553e59','PARFUM GISELDA','PRF-GISELDA-LTR',50000,NULL,0,'DRG',1772797382,NULL);
INSERT INTO products VALUES('56d2ba01-fe62-4fef-900b-8cf5428608b5','PARFUM DIANAMIS','PRF-DIANAMIS-LTR',50000,NULL,0,'DRG',1772797383,NULL);
INSERT INTO products VALUES('753a54bc-d433-4ca4-adb5-4126a765b6ea','PARFUM IMPERIUM','PRF-IMPERIUM-LTR',50000,NULL,0,'DRG',1772797384,NULL);
INSERT INTO products VALUES('535a610a-a9e1-42a8-a752-0fc2fd9946d4','PLASTIK PACK 35','PLT-PCK-35-KG',50000,NULL,49,'KG',1772797384,NULL);
INSERT INTO products VALUES('b46d77fb-f999-4cf3-ae5e-8ecba3e8cbbe','PLASTIK PACK 40','PLT-PCK-40-KG',50000,NULL,62,'KG',1772797385,NULL);
INSERT INTO products VALUES('9d89889d-1651-4f24-a8e8-8a30815e8ff3','PLASTIK PACK 45','PLT-PCK-45-KG',50000,NULL,50,'KG',1772797385,NULL);
INSERT INTO products VALUES('109f6b4e-a706-4334-ab86-5f20e3d29173','PLASTIK PACK 50','PLT-PCK-50-KG',50000,'https://zptoohulgnab9von.public.blob.vercel-storage.com/IMG_20260330_103719.jpg',43,'KG',1772797386,NULL);
INSERT INTO products VALUES('bac119a5-61d1-4fb4-a2d1-bb0f6d69c40e','PLASTIK PACK 60','PLT-PCK-60-KG',50000,NULL,96,'KG',1772797387,NULL);
INSERT INTO products VALUES('65ff8ec2-f9bd-4f9a-8b4a-187f44b6eed9','PLASTIK SATUAN 60/150','PLT-SAT-60150-KG',50000,NULL,92,'KG',1772797387,NULL);
INSERT INTO products VALUES('fb01cc49-5109-4557-a026-d660defd4ff2','PLASTIK SATUAN 60/100','PLT-SAT-60100-KG',50000,NULL,83,'KG',1772797388,NULL);
INSERT INTO products VALUES('946fc8eb-7819-4543-b4a1-2db1d4acb0c3','THERMAL BESAR','ATK-THR-BSR-PCS',50000,NULL,100,'ROLL',1772797389,NULL);
INSERT INTO products VALUES('aad0a705-d03f-4d2f-9de5-672d239cdd3c','KAIN LAP HANDUK MICRO FIBER','RHT-LAP-PCS',50000,NULL,86,'PCS',1772797389,NULL);
INSERT INTO products VALUES('c37a3120-94a7-4ab3-812d-3cffb2b858d1','KANEBO','RHT-KANEBO-PCS',50000,'https://i.pinimg.com/736x/99/0a/ae/990aaeb136a237c2ab31b7519fd5a03c.jpg',94,'PCS',1772797390,NULL);
INSERT INTO products VALUES('118c765d-ca7f-4bcc-816d-32ae4cb00daf','SIKAT BAJU','RHT-SKT-BAJU-PCS',5000,'https://i.pinimg.com/1200x/f0/cb/5f/f0cb5f961403dd3594e49ee11b0d8368.jpg',95,'PCS',1772797390,NULL);
INSERT INTO products VALUES('1d9c6925-8411-45f2-b656-fbf8b9022df9','SABUN TOMBAK','SAB-TOMBAK-PCS',50000,NULL,99,'PCS',1772797391,NULL);
INSERT INTO products VALUES('5ea5f99b-c203-40cf-b916-78ad24dee56b','GELAS TAKAR','RHT-GELAS-TKR-PCS',50000,'https://i.pinimg.com/1200x/04/d8/5f/04d85f280729c91bc37f359b52f6e4d2.jpg',97,'PCS',1772797392,NULL);
INSERT INTO products VALUES('3d5cbc3c-dc55-46af-a200-a8a9c2080947','TINTA PRINTER','ATK-TNT-PRT-PCS',50000,'https://i.pinimg.com/1200x/3d/b3/2e/3db32ebe181e77a07d53c61d7549054f.jpg',96,'PCS',1772797392,NULL);
INSERT INTO products VALUES('02d4b562-481b-4996-bc44-54f8b236004e','STAPLER','ATK-STP-PCS',50000,NULL,99,'PCS',1772797393,NULL);
INSERT INTO products VALUES('e1bb8c2d-8828-40aa-af63-0584f947340d','PULPEN MERAH','ATK-PLP-MRH-PCS',50000,NULL,100,'PCS',1772797394,NULL);
INSERT INTO products VALUES('09266a1c-910e-49fe-9797-e9f6af249d10','PULPEN BIRU ','ATK-PLP-BRU-PCS',50000,NULL,98,'PCS',1772797394,NULL);
INSERT INTO products VALUES('01da9c35-555f-4317-8148-4ceba600fd49','PULPEN HITAM','ATK-PLP-HTM-PCS',50000,NULL,88,'PCS',1772797395,NULL);
INSERT INTO products VALUES('5049ce56-14c6-4eba-ac9a-bf9334722708','SPIDOL HITAM ','ATK-SPD-HTM-PCS',50000,NULL,89,'PCS',1772797396,NULL);
INSERT INTO products VALUES('0b121cb8-eef6-4845-8568-59510589ce7b','SPIDOL BIRU','ATK-SPD-BRU-PCS',50000,NULL,96,'PCS',1772797396,NULL);
INSERT INTO products VALUES('6965ddc1-f396-4439-8223-e744e9693393','SPIDOL MERAH','ATK-SPD-MRH-PCS',50000,NULL,100,'PCS',1772797398,NULL);
INSERT INTO products VALUES('b9a17a17-3ed4-42b7-a916-3b44a8bece3e','STABILO HIJAU','ATK-STB-HJU-PCS',50000,NULL,100,'PCS',1772797398,NULL);
INSERT INTO products VALUES('b49d3c9b-af46-4953-b76b-b9d12b9e193e','STABILO PINK','ATK-STB-PNK-PCS',50000,NULL,100,'PCS',1772797399,NULL);
INSERT INTO products VALUES('2cba2b39-6809-483a-bb64-4ba916c686d1','SERAGAM','RHT-SERAGAM-PCS',50000,NULL,88,'PCS',1772797399,NULL);
INSERT INTO products VALUES('f6e530c7-d0fc-46af-a0a2-a4ef11509b10','CCTV OUTDOR IMOU','ELK-CCTV-UNIT',50000,NULL,99,'UNIT',1772797400,NULL);
INSERT INTO products VALUES('5310a974-9928-4daf-905c-2c1beebf12ab','TABLET','ELK-TABLET-UNIT',50000,NULL,100,'UNIT',1772797401,NULL);
INSERT INTO products VALUES('8bb07c04-ff79-4f2d-bc0c-fad851d04daa','MEMORY CCTV','ELK-MEM-CCTV-UNIT',50000,NULL,99,'UNIT',1772797401,NULL);
INSERT INTO products VALUES('750bfe82-e951-4d35-8322-ed4cc84b9ca0','GORDENG','RHT-GORDENG-PCS',50000,NULL,100,'PCS',1772797402,NULL);
INSERT INTO products VALUES('452c1f2e-91f8-4cf5-b6d4-5743f5ad3918','TONG SAMPAH KECIL','RHT-TSM-BSR-PCS',50000,NULL,99,'PCS',1772797403,NULL);
INSERT INTO products VALUES('abb83f11-4318-4d67-8b42-4d3d9667fd57','TONG SAMPAH SEDANG','RHT-TSM-PLS-PCS',50000,NULL,100,'PCS',1772797403,NULL);
INSERT INTO products VALUES('04f96a1c-e1dd-4567-ae83-79f60b709d38','TONG SAMPAH JUMBO','RHT-TSM-BLT-PCS',50000,NULL,100,'PCS',1772797404,NULL);
INSERT INTO products VALUES('485851d4-bde7-49b9-9374-174e18bcd585','TONG SAMPAH KALENG','RHT-TSM-KLG-PCS',50000,NULL,100,'PCS',1772797404,NULL);
INSERT INTO products VALUES('2cb254fa-ab9b-4da6-af0f-145a005fa998','KASUR','RHT-KASUR-PCS',50000,NULL,100,'PCS',1772797405,NULL);
INSERT INTO products VALUES('33fd5815-8299-4be1-a6fd-e5513c208c62','KIPAS DINDING MIYAKO','ELK-KPS-MIY-UNIT',50000,NULL,98,'UNIT',1772797406,NULL);
INSERT INTO products VALUES('34b8acde-92ab-4b6b-a6f0-f29a1377b14e','KIPAS DINDING SEKAI','ELK-KPS-SEK-UNIT',50000,NULL,100,'UNIT',1772797406,NULL);
INSERT INTO products VALUES('3d616106-7720-40d7-8b42-e5e82ffbb70b','KIPAS BEDIRI COSMOS','ELK-KPS-COS-PCS',50000,NULL,96,'PCS',1772797407,NULL);
INSERT INTO products VALUES('14dc2ab0-cf65-4380-b804-763d9e232a3a','KIPAS DIRI REGENCY','ELK-KPS-REG-PCS',50000,NULL,100,'PCS',1772797407,NULL);
INSERT INTO products VALUES('ae03194f-d2c1-44cd-a59b-7406a30e7d76','H2O','SAB-H2O-LTR',50000,NULL,1,'LTR',1772797408,NULL);
INSERT INTO products VALUES('346a790d-2d55-4ef5-8e69-b3ff63a54d91','PELICIN 1L','SAB-PELICIN-1L',50000,NULL,100,'LTR',1772797409,NULL);
INSERT INTO products VALUES('e9a78e9b-92d6-45bf-ae60-76fac9ba6f93','SOLASI BENING ISI 6','ATK-SOLASI-ROLL',50000,NULL,88,'ROLL',1772797409,NULL);
INSERT INTO products VALUES('01160287-e3a7-4435-851c-9ef4e4186adc','TIPE X ','ATK-TIPEX-PCS',50000,NULL,96,'PCS',1772797410,NULL);
INSERT INTO products VALUES('6e4ce634-c59c-451e-95ab-87085bad616d','RAK SABUN','RHT-RAK-SAB-UNIT',50000,NULL,100,'UNIT',1772797411,NULL);
INSERT INTO products VALUES('de391b31-5d8e-4af9-8e85-cc3d9815da5b','KERANJANG','RHT-KRJ-PCS',50000,NULL,100,'PCS',1772797411,NULL);
INSERT INTO products VALUES('10427ba2-f66f-4870-ba78-4a95c4e82be5','HANGER 10 PCS','RHT-HGR-PCS',1500,NULL,55,'PCS',1772797412,NULL);
INSERT INTO products VALUES('e6204da9-59b3-4c68-bd8e-025c746e5c4d','CORONG','RHT-CRG-PCS',50000,NULL,99,'PCS',1772797412,NULL);
INSERT INTO products VALUES('71b96a8d-31da-40cd-b7e8-f6d98043000f','TEMBAKAN','RHT-TBK-PCS',50000,NULL,100,'PCS',1772797413,NULL);
INSERT INTO products VALUES('c39170bb-51e5-48e6-abc0-a8634760f6f8','KAIN KERAH','RHT-KRH-PCS',50000,NULL,98,'PCS',1772797414,NULL);
INSERT INTO products VALUES('d4fc783c-af8e-49a4-a556-2b024ed91eb1','DRIGEN UAP','RHT-DRG-UAP-PCS',50000,NULL,100,'PCS',1772797414,NULL);
INSERT INTO products VALUES('621f3a48-7c49-4488-b953-ced8afbe8d66','ISI TEMBAKAN 1 BOX','RHT-ISI-TBK-DUS',1000,NULL,100,'DUS',1772797415,NULL);
INSERT INTO products VALUES('ee3437f7-fe54-4232-aea4-2c7cc1004743','JEPITAN JAS','RHT-JPT-JAS-PCS',50000,NULL,100,'PCS',1772797416,NULL);
INSERT INTO products VALUES('1ce38ed2-cdf6-44aa-b54f-90f9ae68fe8a','ISI STEPLER','ATK-ISI-STP-BOX',1000,NULL,100,'BOX',1772797416,NULL);
INSERT INTO products VALUES('88ac4ce5-fc57-4852-8501-97af6ad8dc11','GUNTING','ATK-GUNTING-PCS',50000,NULL,94,'PCS',1772797417,NULL);
INSERT INTO products VALUES('8ff0f856-9c18-4d57-951b-3041d6bf9713','SAPU','RHT-SAPU-PCS',50000,NULL,100,'PCS',1772797418,NULL);
INSERT INTO products VALUES('73fc07e7-f26d-4f6c-9f29-abb460366251','PRINTER PANDA ','ELK-PRINTER-UNIT',50000,NULL,99,'UNIT',1772797418,NULL);
INSERT INTO products VALUES('01e1d5d4-925d-42e6-86b0-487226141338','DISPENSER SABUN 8 L','RHT-DSP-SAB8-UNIT',50000,NULL,100,'UNIT',1772797419,NULL);
INSERT INTO products VALUES('6bc1b803-9db7-484e-b2cc-fb74a146652a','DISPENSER SABUN 15 L','RHT-DSP-SAB15-UNIT',50000,NULL,100,'UNIT',1772797419,NULL);
INSERT INTO products VALUES('0e97c0a2-7c08-4c7b-8d79-ac18183da3e6','SAPU LIDI','RHT-SAPU-LIDI-PCS',50000,NULL,98,'PCS',1772797420,NULL);
INSERT INTO products VALUES('07743676-0a64-4981-aa2b-9723dc3b0515','BOTOL PARFUM','RHT-BTL-PRF-PCS',50000,NULL,99,'PCS',1772797421,NULL);
INSERT INTO products VALUES('9728d739-75e4-4ce0-9aed-b91e6a71e382','RUMAH SOLASI','ATK-RMH-SOL-PCS',50000,NULL,100,'PCS',1772797421,NULL);
INSERT INTO products VALUES('e36d4546-f1bc-49bb-8876-dfb73bbe3038','REGULATOR','RHT-REG-PCS',50000,NULL,96,'PCS',1772797422,NULL);
INSERT INTO products VALUES('b41b2734-8564-4d3c-a21e-72f7249df289','SAPU IJUK','RHT-SAPU-IJK-PCS',50000,NULL,100,'PCS',1772797423,NULL);
INSERT INTO products VALUES('e867f5af-ca29-406f-9da5-92642c21d1f6','KEPALA SEMPROTAN','RHT-KPL-SMP-PCS',50000,NULL,92,'PCS',1772797423,NULL);
INSERT INTO products VALUES('5b9e12c9-9087-4f2d-9b67-6b9c73bb9f19','TEMPAT PARFUM','RHT-TMP-PRF-PCS',50000,NULL,100,'PCS',1772797424,NULL);
INSERT INTO products VALUES('fe516c32-3c42-4d7d-86e7-41f616ba635c','EMBER','RHT-EMBER-PCS',50000,NULL,99,'PCS',1772797424,NULL);
INSERT INTO products VALUES('ac6b24ad-3dce-4be9-9f01-9f88cbd9630d','KEMOCENG','RHT-KEMOCENG-PCS',50000,NULL,99,'PCS',1772797425,NULL);
INSERT INTO products VALUES('0f1379c5-2f57-4fe1-befa-e45bede3a726','KESET KAIN','RHT-KST-KAIN-PCS',50000,NULL,97,'PCS',1772797426,NULL);
INSERT INTO products VALUES('078f343c-1f42-4f3f-8a81-3c95df774c13','KURSI PLASTIK TIPE A','RHT-KRS-PLS-A-UNIT',50000,NULL,100,'UNIT',1772797426,NULL);
INSERT INTO products VALUES('72b694e3-865b-4ff6-9eff-7cae0c705779','KURSI PLASTIK TIPE B','RHT-KRS-PLS-B-UNIT',50000,NULL,100,'UNIT',1772797427,NULL);
INSERT INTO products VALUES('2dad526c-07a9-448c-975c-e13953940f07','MEJA','RHT-MEJA-UNIT',50000,NULL,100,'UNIT',1772797427,NULL);
INSERT INTO products VALUES('21a99c44-102e-4d14-989a-5fa529f15f19','STICK NOTE','ATK-STK-NOTE-PCS',50000,NULL,92,'PCS',1772797428,NULL);
INSERT INTO products VALUES('e07382e3-06d7-4c43-825b-b3dd01ada969','MAGNET','RHT-MAGNET-PCS',50000,NULL,99,'PCS',1772797429,NULL);
INSERT INTO products VALUES('47b763f1-410d-4aa6-9582-f77e7e2ae3ff','DISPENSER MINUM','ELK-DSP-MNM-UNIT',50000,NULL,100,'UNIT',1772797429,NULL);
INSERT INTO products VALUES('b772b4b0-4804-4b30-9f03-4fa092f6168d','RAK DISPENSER','RHT-RAK-DSP-UNIT',50000,NULL,100,'UNIT',1772797430,NULL);
INSERT INTO products VALUES('024c9a0d-56f2-45b4-96aa-9448e2b62deb','BUKU CAMPUS','ATK-BK-LAP-PCS',10000,NULL,94,'PCS',1772797431,NULL);
INSERT INTO products VALUES('f6982ce5-5a8d-499a-9f03-2f94235b7838','PELAN TONGKAT','RHT-PEL-TKT-PCS',50000,NULL,99,'PCS',1772797431,NULL);
INSERT INTO products VALUES('f8bb230d-0d66-4832-b3de-861976c8e208','TINTA SPIDOL','ATK-TNT-SPD-PCS',50000,NULL,97,'PCS',1772797432,NULL);
INSERT INTO products VALUES('936cf303-5467-4331-84b3-280fc8d40177','BUKU KAS','ATK-BK-KAS-PCS',10000,NULL,97,'PCS',1772797432,NULL);
INSERT INTO products VALUES('73148a32-d59a-4873-9fa3-c41deccf5345','KESET BESAR WELCOME','RHT-KST-WLC-B-PCS',50000,NULL,100,'PCS',1772797433,NULL);
INSERT INTO products VALUES('969110a1-7867-4e7d-bda2-444ff06b0eb2','KESET  SEDANG WELCOME','RHT-KST-WLC-S-PCS',50000,NULL,100,'PCS',1772797434,NULL);
INSERT INTO products VALUES('5857fad2-27bd-4307-878a-e6393355de22','JARUM TEMBAKAN','RHT-JRM-TBK-PCS',50000,NULL,100,'PCS',1772797434,NULL);
INSERT INTO products VALUES('e9c26a1d-28c9-4d4b-9446-274bef9e750b','ALAS GOSOKAN','RHT-ALS-GSK-PCS',50000,NULL,100,'PCS',1772797435,NULL);
INSERT INTO products VALUES('6d9519f3-9bd4-4373-a477-024cde2c9168','SIKAT INSOL','RHT-SKT-INS-PCS',50000,NULL,98,'PCS',1772797436,NULL);
INSERT INTO products VALUES('e928cf75-2a39-44be-a285-adf78b6ef291','NOTA NAPKIN','ATK-NOTA-PCS',50000,NULL,87,'PCS',1772797436,NULL);
INSERT INTO products VALUES('aadaf2af-5821-4244-a41f-844c414c5b6b','SLICA GEL','RHT-SLCA-PACK',50000,NULL,98,'PACK',1772797437,NULL);
INSERT INTO products VALUES('39d57a1c-26e6-4613-9fb4-3dd6c67e6bca','PENGKI','RHT-PENGKI-PCS',50000,NULL,99,'PCS',1772797437,NULL);
INSERT INTO products VALUES('9ac5b416-91d4-4e79-84b1-54db444d9a4d','EMBER TUTUP','RHT-EMBER-TTP-PCS',50000,NULL,100,'PCS',1772797438,NULL);
INSERT INTO products VALUES('b18f05af-ea38-4060-a1cb-040ed9b5afb4','SEROKAN AIR ','RHT-SRK-AIR-PCS',50000,NULL,100,'PCS',1772797439,NULL);
INSERT INTO products VALUES('69b3f952-a3be-4441-934a-2ca1329302c5','SIKAT WC','RHT-SKT-WC-PCS',50000,NULL,99,'PCS',1772797439,NULL);
INSERT INTO products VALUES('927f8cf2-27c8-41a0-b188-d1051bc9dc3f','PENGGARIS','ATK-PGRS-PCS',50000,NULL,99,'PCS',1772797440,NULL);
INSERT INTO products VALUES('27a594da-0a5b-4c83-a802-982f98492a96','KERTAS A4','ATK-KRT-A4-RIM',50000,NULL,100,'RIM',1772797441,NULL);
INSERT INTO products VALUES('bcccaf38-538d-4980-b563-143793ecb2f6','OXY','SAB-OXY-LTR',50000,NULL,0,'LITER',1772797441,NULL);
INSERT INTO products VALUES('5b958f2a-9d59-4107-b805-0260511252d3','EMULSIF','SAB-EMUL-LTR',50000,NULL,0,'LITER',1772797442,NULL);
INSERT INTO products VALUES('f8608d2e-d2ab-4198-a975-9af679f467f7','PLASTIK KARPET','PLT-KARPET-KG',50000,NULL,100,'KG',1772797442,NULL);
INSERT INTO products VALUES('ccb3be62-0be9-48c3-ba94-d296ef15fde4','HYPO','SAB-HYPO-LTR',50000,NULL,0,'LITER',1772797443,NULL);
INSERT INTO products VALUES('978c435a-84f5-49f5-a9b3-0a1a2d70eff3','GAYUNG','RHT-GAYUNG-LTR',50000,'https://i.pinimg.com/1200x/27/43/d6/2743d6be64546506d00a0ca48fdfa521.jpg',99,'LITER',1772797444,NULL);
INSERT INTO products VALUES('88b998f8-8053-4c1a-875b-f72e3b78595f','BANGKU TANGGA','RHT-BNG-TGG-PCS',50000,NULL,100,'PCS',1772797444,NULL);
INSERT INTO products VALUES('baef487d-add5-4142-a23e-d25e80aff5b9','HOLDER TAB','ELK-HLD-TAB-PCS',50000,'https://i.pinimg.com/1200x/a3/c7/8c/a3c78cc44ee1c96f33b5b6d2376040b8.jpg',100,'PCS',1772797445,NULL);
INSERT INTO products VALUES('6deb7256-9935-444e-981e-68a51bec88f1','KEPALA CHASAN','ELK-CHG-HEAD-PCS',50000,'https://i.pinimg.com/1200x/f7/00/d8/f700d85fc7e1cb677f79824ca2c8e508.jpg',100,'PCS',1772797446,NULL);
INSERT INTO products VALUES('846d37fb-643e-4a2c-825a-d2e9f84b33c1','KARTU TELKOMSEL','ELK-SIM-TSEL-PCS',50000,'https://i.pinimg.com/736x/91/39/0f/91390f8e99ead3a7e457a590c26770fc.jpg',100,'PCS',1772797446,NULL);
INSERT INTO products VALUES('361b74c0-dfa1-482a-8515-56c9f6458f74','TERMINAL 3 LOBANG','ELK-TERM-3L-PCS',50000,'https://i.pinimg.com/1200x/a3/d1/ef/a3d1ef85ee8ae89294b40fa742ac0124.jpg',100,'PCS',1772797447,NULL);
INSERT INTO products VALUES('7c48c2e3-35da-4afd-8494-20d2c0c07164','TERMINAL 2 LOBANG ','ELK-TERM-2L-PCS',50000,'https://i.pinimg.com/1200x/31/c7/44/31c7446bd8f18ceb500f66aeff3c836b.jpg',100,'PCS',1772797447,NULL);
INSERT INTO products VALUES('71fe8f02-2c36-4e72-bee5-2fd660eb20ec','TIKAR','RHT-TIKAR-PCS',50000,'https://i.pinimg.com/1200x/6c/90/9e/6c909e7e82513446b39d1c4aed109657.jpg',100,'PCS',1772797448,NULL);
INSERT INTO products VALUES('7dd065fb-f5f9-4c30-8434-0204d8d7ee25','LACI UANG ','RHT-CASH-DRAWER',50000,'https://i.pinimg.com/736x/40/ef/3a/40ef3ad2fae8273c29a07be78e5f12d8.jpg',100,'PCS',1772797449,NULL);
INSERT INTO products VALUES('0de0faf5-264b-4a56-af6c-1673c8cade87','TUSUKAN KERTAS','ATK-TUSUK-PCS',50000,'https://i.pinimg.com/736x/dd/1a/be/dd1abe05c3a159d5a51c866bfe0a7381.jpg',100,'PCS',1772797449,NULL);
INSERT INTO products VALUES('0b099c29-108b-45aa-a1cd-5c8a99f957e6','KERTAS F4','ATK-KRT-F4-PCS',50000,'https://i.pinimg.com/736x/cf/0a/c3/cf0ac3f1ea21939c9b231c7996a56500.jpg',100,'PCS',1772797450,NULL);
INSERT INTO products VALUES('6a558fa1-92c2-4eef-b736-02fcccb62582','BALAST','ELK-BALAST-PCS',50000,'https://i.pinimg.com/736x/cd/ca/41/cdca413deb19a40ce365f1d4f713c6d4.jpg',100,'PCS',1772797451,NULL);
INSERT INTO products VALUES('652df214-5770-46fd-9bd4-0fa178626bb6','KALKULATOR','ATK-KALK-PCS',50000,'https://i.pinimg.com/736x/0c/c1/66/0cc16696f894510540e886cc8176b527.jpg',99,'PCS',1772797451,NULL);
INSERT INTO products VALUES('b36b0fe2-c99a-4b29-85bb-4870ba5d7a29','V-BELT','RHT-VBELT-PCS',50000,'https://i.pinimg.com/736x/a4/d1/3f/a4d13fa80a98d70c4cb40b78a61c0ae1.jpg',99,'PCS',1772797452,NULL);
INSERT INTO products VALUES('7d0dc214-4342-4c80-ba63-78fef6140576','Sabun Box','SBN-BX-BOX',135000,NULL,92,'BOX',1772884293,NULL);
INSERT INTO products VALUES('20163aeb-3f23-44df-a57b-5a6ef511a3b8','V-BELT MESIN','V-BLT-MSN',100000,'https://i.pinimg.com/736x/a4/d1/3f/a4d13fa80a98d70c4cb40b78a61c0ae1.jpg',100,'Pcs',1772886084,1774709158);
INSERT INTO products VALUES('ba06eef4-7aca-4f37-9484-401322ac4d44','BAYCLINT','BY-BTL',30000,'https://i.pinimg.com/736x/0a/fe/35/0afe35f6c6937cc89407a7fc0829b2d0.jpg',0,'BTL',1772936970,NULL);
INSERT INTO products VALUES('64c6f2de-0f86-4576-aef4-d49a52f90ba3','EMBER GEDE TUTUP','EMBR-GS-TT',60000,'https://i.pinimg.com/736x/93/d9/5a/93d95a2a02fc58184a4c6fdaa9e8a6d1.jpg',100,'Pcs',1773041876,NULL);
INSERT INTO products VALUES('879d7f10-74be-4b07-9a82-e9bb95a571f5','HYPO 1 LITER','HPO-LTR',30000,NULL,1,'LTR',1775010104,NULL);
CREATE TABLE IF NOT EXISTS `tier_prices` (
	`id` text PRIMARY KEY NOT NULL,
	`product_id` text NOT NULL,
	`tier_id` text NOT NULL,
	"price" integer, `is_active` integer DEFAULT true NOT NULL,
	FOREIGN KEY (`product_id`) REFERENCES `products`(`id`) ON UPDATE no action ON DELETE no action,
	FOREIGN KEY (`tier_id`) REFERENCES `tiers`(`id`) ON UPDATE no action ON DELETE no action
);
INSERT INTO tier_prices VALUES('e20c9e59-0b6e-4941-8c7c-958a105b195f','87ce961d-e1a2-43fa-b218-723b374b2492','761ec835-5924-4139-891d-fd0b42fa19a1',60000,1);
INSERT INTO tier_prices VALUES('3cfc3ef0-80ae-473a-8bb3-9ca1925e5441','87ce961d-e1a2-43fa-b218-723b374b2492','bc57b15e-f455-4cb9-b784-867697154af5',55000,1);
INSERT INTO tier_prices VALUES('5af6fdcd-0b85-4791-958d-28eb9fbfa813','7bcc871a-babf-48c6-8f6a-52bbd4c79cc4','761ec835-5924-4139-891d-fd0b42fa19a1',60000,0);
INSERT INTO tier_prices VALUES('b86107aa-926b-4228-8524-e924764d0cd6','7bcc871a-babf-48c6-8f6a-52bbd4c79cc4','bc57b15e-f455-4cb9-b784-867697154af5',55000,0);
INSERT INTO tier_prices VALUES('6140f709-15a4-49e9-a5eb-bff0c7cd4e3c','ceea1617-d998-4014-9136-7ea15e31da3b','761ec835-5924-4139-891d-fd0b42fa19a1',100000,1);
INSERT INTO tier_prices VALUES('a85e3890-b78b-453a-a6d9-80480b15b46f','ceea1617-d998-4014-9136-7ea15e31da3b','bc57b15e-f455-4cb9-b784-867697154af5',95000,1);
INSERT INTO tier_prices VALUES('0482c7e7-3b6b-4ec7-9344-b945b79a7b28','2db01f58-ac92-473e-aaa9-09614aac120e','761ec835-5924-4139-891d-fd0b42fa19a1',15000,1);
INSERT INTO tier_prices VALUES('e04f241a-1c36-4c24-9f84-7c7179d09c43','2db01f58-ac92-473e-aaa9-09614aac120e','bc57b15e-f455-4cb9-b784-867697154af5',15000,1);
INSERT INTO tier_prices VALUES('4b1f55e8-7046-4e8c-accf-4caae5c4dd39','59130929-5904-4a4d-bee1-3fbdb7d9bec0','761ec835-5924-4139-891d-fd0b42fa19a1',6000,1);
INSERT INTO tier_prices VALUES('70586e8d-88e0-4ae2-a8bc-a3877395fed8','59130929-5904-4a4d-bee1-3fbdb7d9bec0','bc57b15e-f455-4cb9-b784-867697154af5',6000,1);
INSERT INTO tier_prices VALUES('ae559b2e-7368-4e10-9bf9-497df8d2ce02','03a9d97a-58c4-4112-ab97-f451c6206f43','761ec835-5924-4139-891d-fd0b42fa19a1',8000,1);
INSERT INTO tier_prices VALUES('063c6272-3394-468c-8c3c-8fc40873feef','03a9d97a-58c4-4112-ab97-f451c6206f43','bc57b15e-f455-4cb9-b784-867697154af5',8000,1);
INSERT INTO tier_prices VALUES('effabe00-9af7-4cb2-8e64-5f755689f0cf','38f4f998-ae3f-470a-820c-5532a0c1ead9','761ec835-5924-4139-891d-fd0b42fa19a1',40000,1);
INSERT INTO tier_prices VALUES('f98e783f-0ee0-4646-8383-2add67c06642','38f4f998-ae3f-470a-820c-5532a0c1ead9','bc57b15e-f455-4cb9-b784-867697154af5',40000,1);
INSERT INTO tier_prices VALUES('e0ba7e2f-e857-40a3-bcc2-37529fb5225a','cf156995-6fc8-409a-8b73-35d30dbe316d','761ec835-5924-4139-891d-fd0b42fa19a1',40000,1);
INSERT INTO tier_prices VALUES('a76cffb6-651f-4de2-a663-331b475e1574','cf156995-6fc8-409a-8b73-35d30dbe316d','bc57b15e-f455-4cb9-b784-867697154af5',40000,1);
INSERT INTO tier_prices VALUES('82dfde4a-6bca-441a-bd0c-44377b619326','b09d304c-abea-4777-af0e-c228e123f02a','761ec835-5924-4139-891d-fd0b42fa19a1',50000,1);
INSERT INTO tier_prices VALUES('441609b1-5484-4f02-8cc5-b3d0a963dbec','b09d304c-abea-4777-af0e-c228e123f02a','bc57b15e-f455-4cb9-b784-867697154af5',35000,1);
INSERT INTO tier_prices VALUES('9cecfb68-9f50-4663-8d54-012a9047c6e9','4a9928b1-2d55-4f9a-818a-42e408ab06c5','761ec835-5924-4139-891d-fd0b42fa19a1',60000,1);
INSERT INTO tier_prices VALUES('9580f160-31a0-4644-88f2-4964d21cebe7','4a9928b1-2d55-4f9a-818a-42e408ab06c5','bc57b15e-f455-4cb9-b784-867697154af5',55000,1);
INSERT INTO tier_prices VALUES('14fa6ed1-6934-456f-baf2-c2477773435d','06b0ecf4-adac-41fc-8a90-c200ec6eb809','761ec835-5924-4139-891d-fd0b42fa19a1',100000,1);
INSERT INTO tier_prices VALUES('5ef667ed-b21f-492a-8c8e-433b6dc7488e','06b0ecf4-adac-41fc-8a90-c200ec6eb809','bc57b15e-f455-4cb9-b784-867697154af5',95000,1);
INSERT INTO tier_prices VALUES('b9d6ef54-3e17-4366-91d2-2d71d0a6b6db','35aaa6e2-79aa-42fd-b93c-3054e7466910','761ec835-5924-4139-891d-fd0b42fa19a1',165000,1);
INSERT INTO tier_prices VALUES('c55c7e7f-721d-46e2-8f21-15fa67b13c4b','35aaa6e2-79aa-42fd-b93c-3054e7466910','bc57b15e-f455-4cb9-b784-867697154af5',155000,1);
INSERT INTO tier_prices VALUES('4dced6ba-159c-4d12-a031-621171d2b71a','375a1926-ed27-4f2c-856c-3659393e6a47','761ec835-5924-4139-891d-fd0b42fa19a1',165000,1);
INSERT INTO tier_prices VALUES('20938cb1-3368-4302-aad4-13645046d454','375a1926-ed27-4f2c-856c-3659393e6a47','bc57b15e-f455-4cb9-b784-867697154af5',155000,1);
INSERT INTO tier_prices VALUES('b19489d4-7390-4a10-bda6-f5b342d1a9a5','02240f3f-2fdb-4ebf-b186-95e089f40823','761ec835-5924-4139-891d-fd0b42fa19a1',165000,1);
INSERT INTO tier_prices VALUES('7112ea6c-d017-461e-9b1d-cd855f8dbf16','02240f3f-2fdb-4ebf-b186-95e089f40823','bc57b15e-f455-4cb9-b784-867697154af5',155000,1);
INSERT INTO tier_prices VALUES('7b5c1ac3-3da6-48d1-9f29-c8e0a93085a1','c18fdcc5-82dc-4f0b-844d-bdfa1d553e59','761ec835-5924-4139-891d-fd0b42fa19a1',165000,1);
INSERT INTO tier_prices VALUES('0b975cf9-dafa-4b76-b4b6-82d8a7579eab','c18fdcc5-82dc-4f0b-844d-bdfa1d553e59','bc57b15e-f455-4cb9-b784-867697154af5',155000,1);
INSERT INTO tier_prices VALUES('6c2b7c97-6c48-4e67-b8f6-0377732a3128','56d2ba01-fe62-4fef-900b-8cf5428608b5','761ec835-5924-4139-891d-fd0b42fa19a1',165000,1);
INSERT INTO tier_prices VALUES('8a3b6dcd-2b64-407a-a707-c4dbc5560cb8','56d2ba01-fe62-4fef-900b-8cf5428608b5','bc57b15e-f455-4cb9-b784-867697154af5',155000,1);
INSERT INTO tier_prices VALUES('30cbc591-8f28-46f0-991b-9765617c1da5','753a54bc-d433-4ca4-adb5-4126a765b6ea','761ec835-5924-4139-891d-fd0b42fa19a1',165000,1);
INSERT INTO tier_prices VALUES('f075a904-b34c-48f0-aa4c-2dbdf42e8224','753a54bc-d433-4ca4-adb5-4126a765b6ea','bc57b15e-f455-4cb9-b784-867697154af5',155000,1);
INSERT INTO tier_prices VALUES('106a9ad9-0d40-49dd-9b3f-4b373b90192a','535a610a-a9e1-42a8-a752-0fc2fd9946d4','761ec835-5924-4139-891d-fd0b42fa19a1',34000,1);
INSERT INTO tier_prices VALUES('d30a988a-77bd-4ec1-80fc-69b14f67d0fe','535a610a-a9e1-42a8-a752-0fc2fd9946d4','bc57b15e-f455-4cb9-b784-867697154af5',32000,1);
INSERT INTO tier_prices VALUES('eea6e7b8-268f-4e1d-815a-7a9121c77a05','b46d77fb-f999-4cf3-ae5e-8ecba3e8cbbe','761ec835-5924-4139-891d-fd0b42fa19a1',34000,1);
INSERT INTO tier_prices VALUES('d6360096-4ea3-4d50-b042-bcb637e818b8','b46d77fb-f999-4cf3-ae5e-8ecba3e8cbbe','bc57b15e-f455-4cb9-b784-867697154af5',32000,1);
INSERT INTO tier_prices VALUES('91b2b04d-3b3c-4fed-bde5-ef0215445f8b','9d89889d-1651-4f24-a8e8-8a30815e8ff3','761ec835-5924-4139-891d-fd0b42fa19a1',34000,1);
INSERT INTO tier_prices VALUES('1e76bd5d-b7fd-480a-8ad8-4469342706fb','9d89889d-1651-4f24-a8e8-8a30815e8ff3','bc57b15e-f455-4cb9-b784-867697154af5',32000,1);
INSERT INTO tier_prices VALUES('e0e3b0f4-ee43-4ce2-b414-b818cb85a826','109f6b4e-a706-4334-ab86-5f20e3d29173','761ec835-5924-4139-891d-fd0b42fa19a1',34000,1);
INSERT INTO tier_prices VALUES('3a722d10-edc4-4a2a-8d10-dbc40de33a7c','109f6b4e-a706-4334-ab86-5f20e3d29173','bc57b15e-f455-4cb9-b784-867697154af5',32000,1);
INSERT INTO tier_prices VALUES('1cf87daf-9cd0-4539-a838-0d3598af9972','bac119a5-61d1-4fb4-a2d1-bb0f6d69c40e','761ec835-5924-4139-891d-fd0b42fa19a1',34000,1);
INSERT INTO tier_prices VALUES('15ca6939-5ece-4124-95bc-9a730b501fea','bac119a5-61d1-4fb4-a2d1-bb0f6d69c40e','bc57b15e-f455-4cb9-b784-867697154af5',32000,1);
INSERT INTO tier_prices VALUES('1773da84-6d99-4e6d-8ceb-b2dee49853be','65ff8ec2-f9bd-4f9a-8b4a-187f44b6eed9','761ec835-5924-4139-891d-fd0b42fa19a1',47000,1);
INSERT INTO tier_prices VALUES('aa3a66e1-fc95-4973-9f4b-f863e4fbd125','65ff8ec2-f9bd-4f9a-8b4a-187f44b6eed9','bc57b15e-f455-4cb9-b784-867697154af5',42000,1);
INSERT INTO tier_prices VALUES('1756a90a-0653-412e-92be-425d8d8f1348','fb01cc49-5109-4557-a026-d660defd4ff2','761ec835-5924-4139-891d-fd0b42fa19a1',47000,1);
INSERT INTO tier_prices VALUES('edd19289-b727-4dfd-afc8-fc40a01e6a19','fb01cc49-5109-4557-a026-d660defd4ff2','bc57b15e-f455-4cb9-b784-867697154af5',42000,1);
INSERT INTO tier_prices VALUES('9d471fd4-5c61-46fa-8829-1f7a2c26ec16','946fc8eb-7819-4543-b4a1-2db1d4acb0c3','761ec835-5924-4139-891d-fd0b42fa19a1',8000,0);
INSERT INTO tier_prices VALUES('1353fd2a-21ec-4252-a923-32fc6a5ed62f','946fc8eb-7819-4543-b4a1-2db1d4acb0c3','bc57b15e-f455-4cb9-b784-867697154af5',8000,0);
INSERT INTO tier_prices VALUES('91661c2d-7303-4a0c-9d1c-27d26cb827de','aad0a705-d03f-4d2f-9de5-672d239cdd3c','761ec835-5924-4139-891d-fd0b42fa19a1',20000,1);
INSERT INTO tier_prices VALUES('a75ef889-3756-4029-88eb-01201b0f7610','aad0a705-d03f-4d2f-9de5-672d239cdd3c','bc57b15e-f455-4cb9-b784-867697154af5',20000,1);
INSERT INTO tier_prices VALUES('bf80b729-00d6-4e8c-a40b-7e0732270503','c37a3120-94a7-4ab3-812d-3cffb2b858d1','761ec835-5924-4139-891d-fd0b42fa19a1',20000,1);
INSERT INTO tier_prices VALUES('aff34a95-f3d9-46d3-b506-f3cc0e693ad5','c37a3120-94a7-4ab3-812d-3cffb2b858d1','bc57b15e-f455-4cb9-b784-867697154af5',20000,1);
INSERT INTO tier_prices VALUES('c4b681c0-f631-46d1-9364-cabbe7a5297c','118c765d-ca7f-4bcc-816d-32ae4cb00daf','761ec835-5924-4139-891d-fd0b42fa19a1',10000,1);
INSERT INTO tier_prices VALUES('15a2a594-1b26-46c8-831f-e6ff7e6874d6','118c765d-ca7f-4bcc-816d-32ae4cb00daf','bc57b15e-f455-4cb9-b784-867697154af5',10000,1);
INSERT INTO tier_prices VALUES('3d9f8212-052b-42a8-8d1a-fc72d8539fd2','1d9c6925-8411-45f2-b656-fbf8b9022df9','761ec835-5924-4139-891d-fd0b42fa19a1',20000,1);
INSERT INTO tier_prices VALUES('665f84b8-0ae1-4d9a-80dc-6bbd4ae3b579','1d9c6925-8411-45f2-b656-fbf8b9022df9','bc57b15e-f455-4cb9-b784-867697154af5',20000,1);
INSERT INTO tier_prices VALUES('8ba3e9ff-f357-4bed-a514-87c9a3e28f19','5ea5f99b-c203-40cf-b916-78ad24dee56b','761ec835-5924-4139-891d-fd0b42fa19a1',15000,1);
INSERT INTO tier_prices VALUES('251e7bb6-a3d9-490b-a4ec-61f4deeaf1eb','5ea5f99b-c203-40cf-b916-78ad24dee56b','bc57b15e-f455-4cb9-b784-867697154af5',15000,1);
INSERT INTO tier_prices VALUES('f1e3bd3e-d258-4042-93e1-8061c52a3393','3d5cbc3c-dc55-46af-a200-a8a9c2080947','761ec835-5924-4139-891d-fd0b42fa19a1',25000,1);
INSERT INTO tier_prices VALUES('b1375748-e0ee-4653-bc3f-0ac584cc8230','3d5cbc3c-dc55-46af-a200-a8a9c2080947','bc57b15e-f455-4cb9-b784-867697154af5',25000,1);
INSERT INTO tier_prices VALUES('de3096a8-ab60-4afd-ac98-f06bd4dfeaf3','02d4b562-481b-4996-bc44-54f8b236004e','761ec835-5924-4139-891d-fd0b42fa19a1',25000,1);
INSERT INTO tier_prices VALUES('b4a9375d-6f6e-4924-82bd-32248180fbeb','02d4b562-481b-4996-bc44-54f8b236004e','bc57b15e-f455-4cb9-b784-867697154af5',25000,1);
INSERT INTO tier_prices VALUES('aed47630-1191-48fa-82eb-1eb089a36f34','e1bb8c2d-8828-40aa-af63-0584f947340d','761ec835-5924-4139-891d-fd0b42fa19a1',6000,1);
INSERT INTO tier_prices VALUES('7bc1eaeb-358d-4209-a9cd-9bd135bd74a5','e1bb8c2d-8828-40aa-af63-0584f947340d','bc57b15e-f455-4cb9-b784-867697154af5',6000,1);
INSERT INTO tier_prices VALUES('94f6445b-7096-4981-b91c-19e4b73dece8','09266a1c-910e-49fe-9797-e9f6af249d10','761ec835-5924-4139-891d-fd0b42fa19a1',6000,1);
INSERT INTO tier_prices VALUES('05cbcedc-6cfd-4c36-bc9a-8a829c2396d1','09266a1c-910e-49fe-9797-e9f6af249d10','bc57b15e-f455-4cb9-b784-867697154af5',6000,1);
INSERT INTO tier_prices VALUES('c0b92b3c-4a87-40ae-b0dc-17019b81cbbb','01da9c35-555f-4317-8148-4ceba600fd49','761ec835-5924-4139-891d-fd0b42fa19a1',6000,1);
INSERT INTO tier_prices VALUES('df26831b-7daa-418a-810e-ebb8e2a3d5c6','01da9c35-555f-4317-8148-4ceba600fd49','bc57b15e-f455-4cb9-b784-867697154af5',6000,1);
INSERT INTO tier_prices VALUES('9aee70f1-af68-4554-a8a4-2242e93a1b9a','5049ce56-14c6-4eba-ac9a-bf9334722708','761ec835-5924-4139-891d-fd0b42fa19a1',7500,1);
INSERT INTO tier_prices VALUES('1351d6a8-9b2a-4624-90d1-1aacf64b00ee','5049ce56-14c6-4eba-ac9a-bf9334722708','bc57b15e-f455-4cb9-b784-867697154af5',6500,1);
INSERT INTO tier_prices VALUES('347210e8-80b9-422d-a585-f17a32f86836','0b121cb8-eef6-4845-8568-59510589ce7b','761ec835-5924-4139-891d-fd0b42fa19a1',7500,1);
INSERT INTO tier_prices VALUES('fdd47700-1005-4585-a1de-840cd3fc302f','0b121cb8-eef6-4845-8568-59510589ce7b','bc57b15e-f455-4cb9-b784-867697154af5',6500,1);
INSERT INTO tier_prices VALUES('3714b44a-b0af-4479-95ef-d6bbfd8a9987','6965ddc1-f396-4439-8223-e744e9693393','761ec835-5924-4139-891d-fd0b42fa19a1',7500,1);
INSERT INTO tier_prices VALUES('b1a85d27-dc87-42b5-a02b-38278ba11391','6965ddc1-f396-4439-8223-e744e9693393','bc57b15e-f455-4cb9-b784-867697154af5',6500,1);
INSERT INTO tier_prices VALUES('d4d96392-05ad-4a80-a5dd-4bc5c872af61','b9a17a17-3ed4-42b7-a916-3b44a8bece3e','761ec835-5924-4139-891d-fd0b42fa19a1',10000,1);
INSERT INTO tier_prices VALUES('251e08a2-7098-4ebd-b320-e9cdbee723bb','b9a17a17-3ed4-42b7-a916-3b44a8bece3e','bc57b15e-f455-4cb9-b784-867697154af5',10000,1);
INSERT INTO tier_prices VALUES('46db1fd6-c803-4c7d-8396-8cad4f9c25ad','b49d3c9b-af46-4953-b76b-b9d12b9e193e','761ec835-5924-4139-891d-fd0b42fa19a1',10000,1);
INSERT INTO tier_prices VALUES('2cdd572a-a64e-468c-9b1c-896eb90b9a69','b49d3c9b-af46-4953-b76b-b9d12b9e193e','bc57b15e-f455-4cb9-b784-867697154af5',10000,1);
INSERT INTO tier_prices VALUES('9dd09df4-4437-42f6-beb2-4907ba80386e','2cba2b39-6809-483a-bb64-4ba916c686d1','761ec835-5924-4139-891d-fd0b42fa19a1',75000,1);
INSERT INTO tier_prices VALUES('2154467b-a361-4e8d-8542-45fc5b925c62','2cba2b39-6809-483a-bb64-4ba916c686d1','bc57b15e-f455-4cb9-b784-867697154af5',75000,1);
INSERT INTO tier_prices VALUES('c95540c2-d2df-40b0-8268-646b39bf5f05','f6e530c7-d0fc-46af-a0a2-a4ef11509b10','761ec835-5924-4139-891d-fd0b42fa19a1',650000,1);
INSERT INTO tier_prices VALUES('e1968397-7cbe-46c5-9cac-53dbd2959b4c','f6e530c7-d0fc-46af-a0a2-a4ef11509b10','bc57b15e-f455-4cb9-b784-867697154af5',650000,1);
INSERT INTO tier_prices VALUES('4f3a3af3-7753-4748-9480-7852fc7027ac','5310a974-9928-4daf-905c-2c1beebf12ab','761ec835-5924-4139-891d-fd0b42fa19a1',2800000,1);
INSERT INTO tier_prices VALUES('00810744-0060-4c3b-88d7-8e652ad6f19b','5310a974-9928-4daf-905c-2c1beebf12ab','bc57b15e-f455-4cb9-b784-867697154af5',2800000,1);
INSERT INTO tier_prices VALUES('54bfde47-9d5f-41ed-8b53-ac9687eb4723','8bb07c04-ff79-4f2d-bc0c-fad851d04daa','761ec835-5924-4139-891d-fd0b42fa19a1',270000,1);
INSERT INTO tier_prices VALUES('99274c4e-8fce-437f-97c1-26b0a8e432b5','8bb07c04-ff79-4f2d-bc0c-fad851d04daa','bc57b15e-f455-4cb9-b784-867697154af5',270000,1);
INSERT INTO tier_prices VALUES('76712579-a70b-4b2a-ac28-6b890062f2f9','750bfe82-e951-4d35-8322-ed4cc84b9ca0','761ec835-5924-4139-891d-fd0b42fa19a1',10000,1);
INSERT INTO tier_prices VALUES('58e5cc25-d773-4714-b4fe-d34b7a32d990','750bfe82-e951-4d35-8322-ed4cc84b9ca0','bc57b15e-f455-4cb9-b784-867697154af5',10000,1);
INSERT INTO tier_prices VALUES('f3e42e99-c87e-4804-b3d6-f0626717648f','452c1f2e-91f8-4cf5-b6d4-5743f5ad3918','761ec835-5924-4139-891d-fd0b42fa19a1',20000,1);
INSERT INTO tier_prices VALUES('4320424e-bb46-4897-9bfa-dc654a9e3b58','452c1f2e-91f8-4cf5-b6d4-5743f5ad3918','bc57b15e-f455-4cb9-b784-867697154af5',20000,1);
INSERT INTO tier_prices VALUES('c88aaf85-0cf1-47aa-bbf4-0e6971ebb066','abb83f11-4318-4d67-8b42-4d3d9667fd57','761ec835-5924-4139-891d-fd0b42fa19a1',250000,1);
INSERT INTO tier_prices VALUES('4128e59a-12e3-4f63-9a8a-b53cb9a27f83','abb83f11-4318-4d67-8b42-4d3d9667fd57','bc57b15e-f455-4cb9-b784-867697154af5',250000,1);
INSERT INTO tier_prices VALUES('47b935db-fdab-43cc-841c-3a8b1a8185ee','04f96a1c-e1dd-4567-ae83-79f60b709d38','761ec835-5924-4139-891d-fd0b42fa19a1',900000,1);
INSERT INTO tier_prices VALUES('1b8dadef-a9a7-4956-bea6-89162b146ba1','04f96a1c-e1dd-4567-ae83-79f60b709d38','bc57b15e-f455-4cb9-b784-867697154af5',900000,1);
INSERT INTO tier_prices VALUES('0761f6e6-4c00-42bb-a84a-72d8fc792704','485851d4-bde7-49b9-9374-174e18bcd585','761ec835-5924-4139-891d-fd0b42fa19a1',85000,1);
INSERT INTO tier_prices VALUES('057c0102-3a7a-4593-95e5-1c91b260971e','485851d4-bde7-49b9-9374-174e18bcd585','bc57b15e-f455-4cb9-b784-867697154af5',85000,1);
INSERT INTO tier_prices VALUES('5641fc81-65fc-421a-bf74-ebb866cd5d65','2cb254fa-ab9b-4da6-af0f-145a005fa998','761ec835-5924-4139-891d-fd0b42fa19a1',200000,1);
INSERT INTO tier_prices VALUES('897ec35a-5b65-44ae-bd42-040da070caf8','2cb254fa-ab9b-4da6-af0f-145a005fa998','bc57b15e-f455-4cb9-b784-867697154af5',200000,1);
INSERT INTO tier_prices VALUES('1163302d-a455-4c4d-8069-b6e120ff3f87','33fd5815-8299-4be1-a6fd-e5513c208c62','761ec835-5924-4139-891d-fd0b42fa19a1',290000,1);
INSERT INTO tier_prices VALUES('45b3bb96-7683-4314-adc5-01e3bab05eeb','33fd5815-8299-4be1-a6fd-e5513c208c62','bc57b15e-f455-4cb9-b784-867697154af5',290000,1);
INSERT INTO tier_prices VALUES('d8d105e9-970b-4fa7-ae7e-15e5aae9d005','34b8acde-92ab-4b6b-a6f0-f29a1377b14e','761ec835-5924-4139-891d-fd0b42fa19a1',950000,1);
INSERT INTO tier_prices VALUES('86efc126-4349-42c2-9595-8e5116fd31be','34b8acde-92ab-4b6b-a6f0-f29a1377b14e','bc57b15e-f455-4cb9-b784-867697154af5',950000,1);
INSERT INTO tier_prices VALUES('7b69a9ac-9408-4478-874f-6a201fe03736','3d616106-7720-40d7-8b42-e5e82ffbb70b','761ec835-5924-4139-891d-fd0b42fa19a1',300000,1);
INSERT INTO tier_prices VALUES('6a74f1df-a208-41f8-8e73-bd166f7d216a','3d616106-7720-40d7-8b42-e5e82ffbb70b','bc57b15e-f455-4cb9-b784-867697154af5',300000,1);
INSERT INTO tier_prices VALUES('d240097d-a231-41e5-b249-4383d8b793f6','14dc2ab0-cf65-4380-b804-763d9e232a3a','761ec835-5924-4139-891d-fd0b42fa19a1',900000,1);
INSERT INTO tier_prices VALUES('bf20c952-18cb-4285-9aa3-b75e778b9ac1','14dc2ab0-cf65-4380-b804-763d9e232a3a','bc57b15e-f455-4cb9-b784-867697154af5',900000,1);
INSERT INTO tier_prices VALUES('01d7f0f9-1572-4a13-9cb2-81d833c92927','ae03194f-d2c1-44cd-a59b-7406a30e7d76','761ec835-5924-4139-891d-fd0b42fa19a1',17000,1);
INSERT INTO tier_prices VALUES('1efb8ce7-00fe-4bb0-b299-8f7f18de6f90','ae03194f-d2c1-44cd-a59b-7406a30e7d76','bc57b15e-f455-4cb9-b784-867697154af5',17000,1);
INSERT INTO tier_prices VALUES('b862cdf1-0faf-4104-b36d-5aecbc199941','346a790d-2d55-4ef5-8e69-b3ff63a54d91','761ec835-5924-4139-891d-fd0b42fa19a1',45000,1);
INSERT INTO tier_prices VALUES('142f103d-2559-466d-bc4d-27f3950be6aa','346a790d-2d55-4ef5-8e69-b3ff63a54d91','bc57b15e-f455-4cb9-b784-867697154af5',45000,1);
INSERT INTO tier_prices VALUES('9969a6d9-9aa0-419f-ab70-a68e612e2997','e9a78e9b-92d6-45bf-ae60-76fac9ba6f93','761ec835-5924-4139-891d-fd0b42fa19a1',40000,1);
INSERT INTO tier_prices VALUES('bbb0e49c-25af-46a6-bdf0-d29a2471d2bf','e9a78e9b-92d6-45bf-ae60-76fac9ba6f93','bc57b15e-f455-4cb9-b784-867697154af5',40000,1);
INSERT INTO tier_prices VALUES('e80e27bb-9f14-48c3-a867-f6505da116b7','01160287-e3a7-4435-851c-9ef4e4186adc','761ec835-5924-4139-891d-fd0b42fa19a1',15000,1);
INSERT INTO tier_prices VALUES('81f2bddf-5d52-498a-ab76-9761dcc0c9e9','01160287-e3a7-4435-851c-9ef4e4186adc','bc57b15e-f455-4cb9-b784-867697154af5',15000,1);
INSERT INTO tier_prices VALUES('5324cb1b-42a0-4505-9196-29416c7529f6','6e4ce634-c59c-451e-95ab-87085bad616d','761ec835-5924-4139-891d-fd0b42fa19a1',50000,1);
INSERT INTO tier_prices VALUES('e7883731-63a3-471b-987c-482825141f78','6e4ce634-c59c-451e-95ab-87085bad616d','bc57b15e-f455-4cb9-b784-867697154af5',50000,1);
INSERT INTO tier_prices VALUES('c4689571-5cc7-4b26-8117-5844d97564a7','de391b31-5d8e-4af9-8e85-cc3d9815da5b','761ec835-5924-4139-891d-fd0b42fa19a1',30000,1);
INSERT INTO tier_prices VALUES('7516cf95-3ae9-4f74-aa67-21fb08826ea7','de391b31-5d8e-4af9-8e85-cc3d9815da5b','bc57b15e-f455-4cb9-b784-867697154af5',3000,1);
INSERT INTO tier_prices VALUES('139bb70c-3daa-45ba-8f27-911ec144fee2','10427ba2-f66f-4870-ba78-4a95c4e82be5','761ec835-5924-4139-891d-fd0b42fa19a1',15000,1);
INSERT INTO tier_prices VALUES('216de2e8-e53f-4a22-8073-3fc12f748c0b','10427ba2-f66f-4870-ba78-4a95c4e82be5','bc57b15e-f455-4cb9-b784-867697154af5',15000,1);
INSERT INTO tier_prices VALUES('790c6e80-d9ed-4f87-95e4-9caba0fab3e4','e6204da9-59b3-4c68-bd8e-025c746e5c4d','761ec835-5924-4139-891d-fd0b42fa19a1',10000,1);
INSERT INTO tier_prices VALUES('9da38161-3baf-4e48-ab84-b9ecf2f45c14','e6204da9-59b3-4c68-bd8e-025c746e5c4d','bc57b15e-f455-4cb9-b784-867697154af5',10000,1);
INSERT INTO tier_prices VALUES('f4eed655-3254-47b0-9dc5-5feec2936566','71b96a8d-31da-40cd-b7e8-f6d98043000f','761ec835-5924-4139-891d-fd0b42fa19a1',50000,1);
INSERT INTO tier_prices VALUES('a6b6c60c-8169-4639-aa18-5bd52d5cc98b','71b96a8d-31da-40cd-b7e8-f6d98043000f','bc57b15e-f455-4cb9-b784-867697154af5',50000,1);
INSERT INTO tier_prices VALUES('8edc1d50-3e5c-4255-844c-4718719f74f7','c39170bb-51e5-48e6-abc0-a8634760f6f8','761ec835-5924-4139-891d-fd0b42fa19a1',30000,1);
INSERT INTO tier_prices VALUES('657450e9-196b-4201-97c1-09941ee9534c','c39170bb-51e5-48e6-abc0-a8634760f6f8','bc57b15e-f455-4cb9-b784-867697154af5',30000,1);
INSERT INTO tier_prices VALUES('4e89cd81-fcbd-4de5-93cf-8ec625887964','d4fc783c-af8e-49a4-a556-2b024ed91eb1','761ec835-5924-4139-891d-fd0b42fa19a1',50000,1);
INSERT INTO tier_prices VALUES('6e88e80f-fc5f-4427-b2e0-70118dd24b76','d4fc783c-af8e-49a4-a556-2b024ed91eb1','bc57b15e-f455-4cb9-b784-867697154af5',50000,1);
INSERT INTO tier_prices VALUES('b77a153f-2ee7-4c85-937c-dae9a7b93ed0','621f3a48-7c49-4488-b953-ced8afbe8d66','761ec835-5924-4139-891d-fd0b42fa19a1',45000,1);
INSERT INTO tier_prices VALUES('ae67110c-8f6c-461c-b227-9cd208cefd34','621f3a48-7c49-4488-b953-ced8afbe8d66','bc57b15e-f455-4cb9-b784-867697154af5',45000,1);
INSERT INTO tier_prices VALUES('f6d5f52c-ea95-489a-89ca-081a1db081ea','ee3437f7-fe54-4232-aea4-2c7cc1004743','761ec835-5924-4139-891d-fd0b42fa19a1',12000,1);
INSERT INTO tier_prices VALUES('75c3f03a-041c-4b82-b968-fee3e4fd180f','ee3437f7-fe54-4232-aea4-2c7cc1004743','bc57b15e-f455-4cb9-b784-867697154af5',12000,1);
INSERT INTO tier_prices VALUES('ca84877d-afdb-4ab9-9cc6-cf7fb1104439','1ce38ed2-cdf6-44aa-b54f-90f9ae68fe8a','761ec835-5924-4139-891d-fd0b42fa19a1',2000,1);
INSERT INTO tier_prices VALUES('8b17d644-7800-4d1f-bd6f-e893961ca485','1ce38ed2-cdf6-44aa-b54f-90f9ae68fe8a','bc57b15e-f455-4cb9-b784-867697154af5',2000,1);
INSERT INTO tier_prices VALUES('4beee7e3-c126-4812-9993-edeef9d86521','88ac4ce5-fc57-4852-8501-97af6ad8dc11','761ec835-5924-4139-891d-fd0b42fa19a1',15000,1);
INSERT INTO tier_prices VALUES('8d02dc56-1730-49b7-945e-e47b0511275e','88ac4ce5-fc57-4852-8501-97af6ad8dc11','bc57b15e-f455-4cb9-b784-867697154af5',15000,1);
INSERT INTO tier_prices VALUES('e0682996-4e96-4a93-b0cd-6055f228b800','8ff0f856-9c18-4d57-951b-3041d6bf9713','761ec835-5924-4139-891d-fd0b42fa19a1',35000,1);
INSERT INTO tier_prices VALUES('06a1dfc4-6fdf-441c-8599-4d600842be00','8ff0f856-9c18-4d57-951b-3041d6bf9713','bc57b15e-f455-4cb9-b784-867697154af5',35000,1);
INSERT INTO tier_prices VALUES('1d0bc7b0-dfa2-4460-be86-85e4a1051b76','73fc07e7-f26d-4f6c-9f29-abb460366251','761ec835-5924-4139-891d-fd0b42fa19a1',450000,1);
INSERT INTO tier_prices VALUES('9021c6dd-4fcd-4d59-afd6-bcc4b5d1c7ec','73fc07e7-f26d-4f6c-9f29-abb460366251','bc57b15e-f455-4cb9-b784-867697154af5',450000,1);
INSERT INTO tier_prices VALUES('e30c2781-e455-41ce-9435-c2da47726d0c','01e1d5d4-925d-42e6-86b0-487226141338','761ec835-5924-4139-891d-fd0b42fa19a1',80000,1);
INSERT INTO tier_prices VALUES('c474b631-253c-407f-a7c4-9cc175470c31','01e1d5d4-925d-42e6-86b0-487226141338','bc57b15e-f455-4cb9-b784-867697154af5',80000,1);
INSERT INTO tier_prices VALUES('bd60213c-6e10-447e-b1d5-6ddc791c20b2','6bc1b803-9db7-484e-b2cc-fb74a146652a','761ec835-5924-4139-891d-fd0b42fa19a1',125000,1);
INSERT INTO tier_prices VALUES('a4d5cf83-e15d-4c70-9acb-28a2ffc9d838','6bc1b803-9db7-484e-b2cc-fb74a146652a','bc57b15e-f455-4cb9-b784-867697154af5',125000,1);
INSERT INTO tier_prices VALUES('80c61a92-4966-4035-9588-fe04e0b12b2f','0e97c0a2-7c08-4c7b-8d79-ac18183da3e6','761ec835-5924-4139-891d-fd0b42fa19a1',35000,1);
INSERT INTO tier_prices VALUES('66d821e2-9925-45f1-a0fe-87c077d8acb2','0e97c0a2-7c08-4c7b-8d79-ac18183da3e6','bc57b15e-f455-4cb9-b784-867697154af5',35000,1);
INSERT INTO tier_prices VALUES('5b0e4612-fd6d-498f-8ff5-6a78bc1edfd9','07743676-0a64-4981-aa2b-9723dc3b0515','761ec835-5924-4139-891d-fd0b42fa19a1',20000,1);
INSERT INTO tier_prices VALUES('d6fb51b3-34fd-4a59-b55a-1999fb546dc9','07743676-0a64-4981-aa2b-9723dc3b0515','bc57b15e-f455-4cb9-b784-867697154af5',20000,1);
INSERT INTO tier_prices VALUES('cb14bc12-b40f-411a-a6f3-b6cf899f868e','9728d739-75e4-4ce0-9aed-b91e6a71e382','761ec835-5924-4139-891d-fd0b42fa19a1',50000,1);
INSERT INTO tier_prices VALUES('67a07404-ddcb-4382-a3f2-4b461cadb2c8','9728d739-75e4-4ce0-9aed-b91e6a71e382','bc57b15e-f455-4cb9-b784-867697154af5',50000,1);
INSERT INTO tier_prices VALUES('87f144a2-57ea-411e-b954-c97c0ddb0902','e36d4546-f1bc-49bb-8876-dfb73bbe3038','761ec835-5924-4139-891d-fd0b42fa19a1',115000,1);
INSERT INTO tier_prices VALUES('b7021b0c-4452-4739-b447-074be633cbfd','e36d4546-f1bc-49bb-8876-dfb73bbe3038','bc57b15e-f455-4cb9-b784-867697154af5',115000,1);
INSERT INTO tier_prices VALUES('78fd90d3-23f8-42da-88bf-6f51aa55ac6b','b41b2734-8564-4d3c-a21e-72f7249df289','761ec835-5924-4139-891d-fd0b42fa19a1',35000,1);
INSERT INTO tier_prices VALUES('fc5fd92c-95f6-486e-9959-2a13078e5e01','b41b2734-8564-4d3c-a21e-72f7249df289','bc57b15e-f455-4cb9-b784-867697154af5',35000,1);
INSERT INTO tier_prices VALUES('f1196583-36dd-4701-9663-b8ceccdfc998','e867f5af-ca29-406f-9da5-92642c21d1f6','761ec835-5924-4139-891d-fd0b42fa19a1',10000,1);
INSERT INTO tier_prices VALUES('397b9a16-6a92-4cac-9231-b28fa2e0a026','e867f5af-ca29-406f-9da5-92642c21d1f6','bc57b15e-f455-4cb9-b784-867697154af5',10000,1);
INSERT INTO tier_prices VALUES('c8220dfe-8afd-41b1-9084-d61116f3779d','5b9e12c9-9087-4f2d-9b67-6b9c73bb9f19','761ec835-5924-4139-891d-fd0b42fa19a1',10000,1);
INSERT INTO tier_prices VALUES('0e4c16e7-ec95-4974-a737-0a5903ca889a','5b9e12c9-9087-4f2d-9b67-6b9c73bb9f19','bc57b15e-f455-4cb9-b784-867697154af5',10000,1);
INSERT INTO tier_prices VALUES('c351a01b-5eee-4fc3-8571-fc5438ef6d16','fe516c32-3c42-4d7d-86e7-41f616ba635c','761ec835-5924-4139-891d-fd0b42fa19a1',35000,1);
INSERT INTO tier_prices VALUES('813a4cb8-5aa3-42df-92a3-5ee86938fd5b','fe516c32-3c42-4d7d-86e7-41f616ba635c','bc57b15e-f455-4cb9-b784-867697154af5',35000,1);
INSERT INTO tier_prices VALUES('f4f3c5e0-1fd7-473a-99f3-cd7f324ccf8c','ac6b24ad-3dce-4be9-9f01-9f88cbd9630d','761ec835-5924-4139-891d-fd0b42fa19a1',18000,1);
INSERT INTO tier_prices VALUES('9ee49810-a720-44ac-a5db-02a9ceeb29c8','ac6b24ad-3dce-4be9-9f01-9f88cbd9630d','bc57b15e-f455-4cb9-b784-867697154af5',18000,1);
INSERT INTO tier_prices VALUES('232459fc-2128-4186-880a-3f0b1ede33a4','0f1379c5-2f57-4fe1-befa-e45bede3a726','761ec835-5924-4139-891d-fd0b42fa19a1',15000,1);
INSERT INTO tier_prices VALUES('749556bd-f36b-4e5c-ab45-94a16f484977','0f1379c5-2f57-4fe1-befa-e45bede3a726','bc57b15e-f455-4cb9-b784-867697154af5',15000,1);
INSERT INTO tier_prices VALUES('446d2f2a-e790-44d5-bab0-18d83e61b97c','078f343c-1f42-4f3f-8a81-3c95df774c13','761ec835-5924-4139-891d-fd0b42fa19a1',250000,1);
INSERT INTO tier_prices VALUES('92bb048a-db8d-4a4d-940c-8d7f93ec3bd3','078f343c-1f42-4f3f-8a81-3c95df774c13','bc57b15e-f455-4cb9-b784-867697154af5',250000,1);
INSERT INTO tier_prices VALUES('463300c4-ab7d-4346-9721-cab8d8df7ce4','72b694e3-865b-4ff6-9eff-7cae0c705779','761ec835-5924-4139-891d-fd0b42fa19a1',150000,1);
INSERT INTO tier_prices VALUES('693d1ec3-4677-47ac-a143-def942303b25','72b694e3-865b-4ff6-9eff-7cae0c705779','bc57b15e-f455-4cb9-b784-867697154af5',150000,1);
INSERT INTO tier_prices VALUES('99b6a1b2-5294-4460-83c5-8b92510c0451','2dad526c-07a9-448c-975c-e13953940f07','761ec835-5924-4139-891d-fd0b42fa19a1',400000,1);
INSERT INTO tier_prices VALUES('226e0431-5002-4707-bdd7-bcbc06fff890','2dad526c-07a9-448c-975c-e13953940f07','bc57b15e-f455-4cb9-b784-867697154af5',400000,1);
INSERT INTO tier_prices VALUES('16231c9e-e489-4174-af3c-b374d8347e13','21a99c44-102e-4d14-989a-5fa529f15f19','761ec835-5924-4139-891d-fd0b42fa19a1',25000,1);
INSERT INTO tier_prices VALUES('ba01ffe4-5088-4052-a574-da8aeeb688d1','21a99c44-102e-4d14-989a-5fa529f15f19','bc57b15e-f455-4cb9-b784-867697154af5',25000,1);
INSERT INTO tier_prices VALUES('11aad724-5440-46f7-92c9-8c52bd64c5de','e07382e3-06d7-4c43-825b-b3dd01ada969','761ec835-5924-4139-891d-fd0b42fa19a1',20000,1);
INSERT INTO tier_prices VALUES('1d8e0976-fc2f-4b15-a835-38948f25c548','e07382e3-06d7-4c43-825b-b3dd01ada969','bc57b15e-f455-4cb9-b784-867697154af5',20000,1);
INSERT INTO tier_prices VALUES('80fc4aa4-5263-43b4-a01c-eb458cc100fd','47b763f1-410d-4aa6-9582-f77e7e2ae3ff','761ec835-5924-4139-891d-fd0b42fa19a1',1100000,1);
INSERT INTO tier_prices VALUES('4fb5f2db-49d0-4778-b72d-1a3edf5ae095','47b763f1-410d-4aa6-9582-f77e7e2ae3ff','bc57b15e-f455-4cb9-b784-867697154af5',1100000,1);
INSERT INTO tier_prices VALUES('57166396-8478-4d46-98f8-7cde6b74b591','b772b4b0-4804-4b30-9f03-4fa092f6168d','761ec835-5924-4139-891d-fd0b42fa19a1',105000,1);
INSERT INTO tier_prices VALUES('4bb98b27-74a1-4457-9fed-32865a707d25','b772b4b0-4804-4b30-9f03-4fa092f6168d','bc57b15e-f455-4cb9-b784-867697154af5',105000,1);
INSERT INTO tier_prices VALUES('a3cbdb7b-9229-4e6c-9341-3f6b7aeeb97a','024c9a0d-56f2-45b4-96aa-9448e2b62deb','761ec835-5924-4139-891d-fd0b42fa19a1',12000,1);
INSERT INTO tier_prices VALUES('34f17ef3-fc49-4a92-b2d6-f9f3956f5de1','024c9a0d-56f2-45b4-96aa-9448e2b62deb','bc57b15e-f455-4cb9-b784-867697154af5',12000,1);
INSERT INTO tier_prices VALUES('c7179ba7-b57b-4fe3-9f75-f335ef509dd0','f6982ce5-5a8d-499a-9f03-2f94235b7838','761ec835-5924-4139-891d-fd0b42fa19a1',35000,1);
INSERT INTO tier_prices VALUES('56980807-eb96-4ae9-8ec0-a04e1af1bd0c','f6982ce5-5a8d-499a-9f03-2f94235b7838','bc57b15e-f455-4cb9-b784-867697154af5',35000,1);
INSERT INTO tier_prices VALUES('8db6783a-41e0-454f-bc39-d6b26c48e8e6','f8bb230d-0d66-4832-b3de-861976c8e208','761ec835-5924-4139-891d-fd0b42fa19a1',15000,1);
INSERT INTO tier_prices VALUES('baf9a6bd-ff27-4aac-9dfd-729bd09b3b73','f8bb230d-0d66-4832-b3de-861976c8e208','bc57b15e-f455-4cb9-b784-867697154af5',15000,1);
INSERT INTO tier_prices VALUES('5a6a1271-a2f8-4ce7-adfe-7d24d2a24cbf','936cf303-5467-4331-84b3-280fc8d40177','761ec835-5924-4139-891d-fd0b42fa19a1',15000,1);
INSERT INTO tier_prices VALUES('a8e7ed42-0490-436b-a532-758906512398','936cf303-5467-4331-84b3-280fc8d40177','bc57b15e-f455-4cb9-b784-867697154af5',15000,1);
INSERT INTO tier_prices VALUES('687916bb-81e6-491a-a45b-ca8ecde1ccc9','73148a32-d59a-4873-9fa3-c41deccf5345','761ec835-5924-4139-891d-fd0b42fa19a1',125000,1);
INSERT INTO tier_prices VALUES('a968a36a-12e9-4219-842c-67e5dbb78f56','73148a32-d59a-4873-9fa3-c41deccf5345','bc57b15e-f455-4cb9-b784-867697154af5',125000,1);
INSERT INTO tier_prices VALUES('35a8959b-3c90-49cb-978b-2e65102556f4','969110a1-7867-4e7d-bda2-444ff06b0eb2','761ec835-5924-4139-891d-fd0b42fa19a1',50000,1);
INSERT INTO tier_prices VALUES('eaf0fef3-383c-4a46-b07a-6e358d7b6189','969110a1-7867-4e7d-bda2-444ff06b0eb2','bc57b15e-f455-4cb9-b784-867697154af5',50000,1);
INSERT INTO tier_prices VALUES('c65e0e4b-96d3-4963-abbb-5385293f5e85','5857fad2-27bd-4307-878a-e6393355de22','761ec835-5924-4139-891d-fd0b42fa19a1',15000,1);
INSERT INTO tier_prices VALUES('17491412-9adc-4324-820e-0e750adeb479','5857fad2-27bd-4307-878a-e6393355de22','bc57b15e-f455-4cb9-b784-867697154af5',15000,1);
INSERT INTO tier_prices VALUES('d0d05b10-503a-44e1-bd54-213f88bb6e4a','e9c26a1d-28c9-4d4b-9446-274bef9e750b','761ec835-5924-4139-891d-fd0b42fa19a1',100000,1);
INSERT INTO tier_prices VALUES('9135b4bc-aa76-4c6a-9ade-eb5f5eec8d7a','e9c26a1d-28c9-4d4b-9446-274bef9e750b','bc57b15e-f455-4cb9-b784-867697154af5',100000,1);
INSERT INTO tier_prices VALUES('6974ad07-6a41-4344-ad44-25ff4ae884bc','6d9519f3-9bd4-4373-a477-024cde2c9168','761ec835-5924-4139-891d-fd0b42fa19a1',35000,1);
INSERT INTO tier_prices VALUES('481307c5-63e7-4bd2-81a0-844df9ac3b80','6d9519f3-9bd4-4373-a477-024cde2c9168','bc57b15e-f455-4cb9-b784-867697154af5',35000,1);
INSERT INTO tier_prices VALUES('a71f3aab-9b4c-412f-b1d9-dffcff73c520','e928cf75-2a39-44be-a285-adf78b6ef291','761ec835-5924-4139-891d-fd0b42fa19a1',15000,1);
INSERT INTO tier_prices VALUES('baf02812-92d5-43e3-94a7-3c052c69c7c3','e928cf75-2a39-44be-a285-adf78b6ef291','bc57b15e-f455-4cb9-b784-867697154af5',15000,1);
INSERT INTO tier_prices VALUES('8a4feb28-4044-4c87-98b7-ea2c85862a8b','aadaf2af-5821-4244-a41f-844c414c5b6b','761ec835-5924-4139-891d-fd0b42fa19a1',10000,1);
INSERT INTO tier_prices VALUES('05245399-55ad-4a90-88cd-f487fb718334','aadaf2af-5821-4244-a41f-844c414c5b6b','bc57b15e-f455-4cb9-b784-867697154af5',10000,1);
INSERT INTO tier_prices VALUES('d58771fd-c903-4f42-915b-68f78e03d3f7','39d57a1c-26e6-4613-9fb4-3dd6c67e6bca','761ec835-5924-4139-891d-fd0b42fa19a1',35000,1);
INSERT INTO tier_prices VALUES('b2723f64-b195-4771-bc2f-60465d13718e','39d57a1c-26e6-4613-9fb4-3dd6c67e6bca','bc57b15e-f455-4cb9-b784-867697154af5',35000,1);
INSERT INTO tier_prices VALUES('2ffd12be-6723-460a-94e8-f6e4329cfcac','9ac5b416-91d4-4e79-84b1-54db444d9a4d','761ec835-5924-4139-891d-fd0b42fa19a1',40000,1);
INSERT INTO tier_prices VALUES('6a2bb9e9-66ad-4e76-9862-8c73836b6202','9ac5b416-91d4-4e79-84b1-54db444d9a4d','bc57b15e-f455-4cb9-b784-867697154af5',40000,1);
INSERT INTO tier_prices VALUES('79b2c795-14ac-4cb9-b1cf-3904692451ab','b18f05af-ea38-4060-a1cb-040ed9b5afb4','761ec835-5924-4139-891d-fd0b42fa19a1',35000,1);
INSERT INTO tier_prices VALUES('52135339-e36e-4fda-a121-9b511fbe455e','b18f05af-ea38-4060-a1cb-040ed9b5afb4','bc57b15e-f455-4cb9-b784-867697154af5',35000,1);
INSERT INTO tier_prices VALUES('3ea9c478-fa69-4f07-94ba-3cd1939d69f4','69b3f952-a3be-4441-934a-2ca1329302c5','761ec835-5924-4139-891d-fd0b42fa19a1',25000,1);
INSERT INTO tier_prices VALUES('9551535e-4e08-4573-bbec-e8d09a4f162a','69b3f952-a3be-4441-934a-2ca1329302c5','bc57b15e-f455-4cb9-b784-867697154af5',25000,1);
INSERT INTO tier_prices VALUES('8e77dcc9-3a33-451a-97d3-def12a284c4a','927f8cf2-27c8-41a0-b188-d1051bc9dc3f','761ec835-5924-4139-891d-fd0b42fa19a1',10000,1);
INSERT INTO tier_prices VALUES('17a81ad7-e13f-4458-8bde-f0da0bc4ad89','927f8cf2-27c8-41a0-b188-d1051bc9dc3f','bc57b15e-f455-4cb9-b784-867697154af5',10000,1);
INSERT INTO tier_prices VALUES('37f8debb-ee32-43b1-a5ee-9a01ada540b3','27a594da-0a5b-4c83-a802-982f98492a96','761ec835-5924-4139-891d-fd0b42fa19a1',80000,1);
INSERT INTO tier_prices VALUES('ec7c13b9-06fa-49d0-a607-68bab48cca6e','27a594da-0a5b-4c83-a802-982f98492a96','bc57b15e-f455-4cb9-b784-867697154af5',80000,1);
INSERT INTO tier_prices VALUES('ab76c7b2-52f5-42f4-9f2e-e19bebbd6bfd','bcccaf38-538d-4980-b563-143793ecb2f6','761ec835-5924-4139-891d-fd0b42fa19a1',35000,1);
INSERT INTO tier_prices VALUES('17ba8473-ce37-4dd4-98c6-52821091019f','bcccaf38-538d-4980-b563-143793ecb2f6','bc57b15e-f455-4cb9-b784-867697154af5',35000,1);
INSERT INTO tier_prices VALUES('8a04de92-0f9c-4a30-92c1-6eac870206cf','5b958f2a-9d59-4107-b805-0260511252d3','761ec835-5924-4139-891d-fd0b42fa19a1',25000,1);
INSERT INTO tier_prices VALUES('6b74b653-f599-4258-a8dc-2a7da3b080a3','5b958f2a-9d59-4107-b805-0260511252d3','bc57b15e-f455-4cb9-b784-867697154af5',25000,1);
INSERT INTO tier_prices VALUES('cc8f3c5d-f13d-42c9-8491-651e45186b3a','f8608d2e-d2ab-4198-a975-9af679f467f7','761ec835-5924-4139-891d-fd0b42fa19a1',32000,1);
INSERT INTO tier_prices VALUES('78c07f4f-fd5f-43bf-b1c2-4a03da7dc350','f8608d2e-d2ab-4198-a975-9af679f467f7','bc57b15e-f455-4cb9-b784-867697154af5',32000,1);
INSERT INTO tier_prices VALUES('f2411f5d-1a83-4918-a5f2-f48ee16d562a','ccb3be62-0be9-48c3-ba94-d296ef15fde4','761ec835-5924-4139-891d-fd0b42fa19a1',10000,1);
INSERT INTO tier_prices VALUES('99de3540-d46e-497e-95b0-e9a84837c6c0','ccb3be62-0be9-48c3-ba94-d296ef15fde4','bc57b15e-f455-4cb9-b784-867697154af5',10000,1);
INSERT INTO tier_prices VALUES('14922e8c-95b8-4049-9ce9-80c65768c824','978c435a-84f5-49f5-a9b3-0a1a2d70eff3','761ec835-5924-4139-891d-fd0b42fa19a1',15000,1);
INSERT INTO tier_prices VALUES('5ff4aa19-c1b0-49bd-82a4-e11f00ef1a83','978c435a-84f5-49f5-a9b3-0a1a2d70eff3','bc57b15e-f455-4cb9-b784-867697154af5',15000,1);
INSERT INTO tier_prices VALUES('2f85165d-e260-4883-b486-3dba74f677db','88b998f8-8053-4c1a-875b-f72e3b78595f','761ec835-5924-4139-891d-fd0b42fa19a1',150000,1);
INSERT INTO tier_prices VALUES('acc3c80f-a482-4d11-ac6d-64de6d45c326','88b998f8-8053-4c1a-875b-f72e3b78595f','bc57b15e-f455-4cb9-b784-867697154af5',150000,1);
INSERT INTO tier_prices VALUES('21f66316-f415-435b-98d5-e691fe71183e','baef487d-add5-4142-a23e-d25e80aff5b9','761ec835-5924-4139-891d-fd0b42fa19a1',165000,1);
INSERT INTO tier_prices VALUES('c8f91be0-c502-4a2b-a99d-0c4c1a5fcf56','baef487d-add5-4142-a23e-d25e80aff5b9','bc57b15e-f455-4cb9-b784-867697154af5',165000,1);
INSERT INTO tier_prices VALUES('d748ad4c-4dd0-430b-b4ae-b0b404610a00','6deb7256-9935-444e-981e-68a51bec88f1','761ec835-5924-4139-891d-fd0b42fa19a1',115000,1);
INSERT INTO tier_prices VALUES('b72982a2-efda-4bc3-bf44-32fbd0f6e392','6deb7256-9935-444e-981e-68a51bec88f1','bc57b15e-f455-4cb9-b784-867697154af5',115000,1);
INSERT INTO tier_prices VALUES('29b6be20-fcfc-4655-bdb5-7087ad02089e','846d37fb-643e-4a2c-825a-d2e9f84b33c1','761ec835-5924-4139-891d-fd0b42fa19a1',120000,1);
INSERT INTO tier_prices VALUES('080fb507-1ff9-4111-a4eb-1e2a7246d63d','846d37fb-643e-4a2c-825a-d2e9f84b33c1','bc57b15e-f455-4cb9-b784-867697154af5',12000,1);
INSERT INTO tier_prices VALUES('e548af28-55a4-48cc-b9f2-87fcd9413c7b','361b74c0-dfa1-482a-8515-56c9f6458f74','761ec835-5924-4139-891d-fd0b42fa19a1',35000,1);
INSERT INTO tier_prices VALUES('39412e4c-b7de-468b-9150-3206ede7ac05','361b74c0-dfa1-482a-8515-56c9f6458f74','bc57b15e-f455-4cb9-b784-867697154af5',35000,1);
INSERT INTO tier_prices VALUES('ed027046-f064-4832-9e36-da69efe51567','7c48c2e3-35da-4afd-8494-20d2c0c07164','761ec835-5924-4139-891d-fd0b42fa19a1',25000,1);
INSERT INTO tier_prices VALUES('e035dd00-0f0e-4644-9280-952b7df7571d','7c48c2e3-35da-4afd-8494-20d2c0c07164','bc57b15e-f455-4cb9-b784-867697154af5',25000,1);
INSERT INTO tier_prices VALUES('280c24fe-7194-44d3-9aec-ea3514d9ca43','71fe8f02-2c36-4e72-bee5-2fd660eb20ec','761ec835-5924-4139-891d-fd0b42fa19a1',30000,1);
INSERT INTO tier_prices VALUES('f0847326-7d62-4395-8de1-5764f27047e5','71fe8f02-2c36-4e72-bee5-2fd660eb20ec','bc57b15e-f455-4cb9-b784-867697154af5',30000,1);
INSERT INTO tier_prices VALUES('6c2c1fba-3d41-409e-bbf5-a1f15e523e0b','7dd065fb-f5f9-4c30-8434-0204d8d7ee25','761ec835-5924-4139-891d-fd0b42fa19a1',45000,1);
INSERT INTO tier_prices VALUES('9900ed46-0202-44b7-84a7-b716e5ad4a9b','7dd065fb-f5f9-4c30-8434-0204d8d7ee25','bc57b15e-f455-4cb9-b784-867697154af5',45000,1);
INSERT INTO tier_prices VALUES('fe3e0c83-8626-4978-ac4b-152e525fbc04','0de0faf5-264b-4a56-af6c-1673c8cade87','761ec835-5924-4139-891d-fd0b42fa19a1',25000,1);
INSERT INTO tier_prices VALUES('859496fc-8ae6-4271-9f1b-09eb9d057827','0de0faf5-264b-4a56-af6c-1673c8cade87','bc57b15e-f455-4cb9-b784-867697154af5',25000,1);
INSERT INTO tier_prices VALUES('4fe6e916-33e6-43ff-bbd1-3f02072dbec4','0b099c29-108b-45aa-a1cd-5c8a99f957e6','761ec835-5924-4139-891d-fd0b42fa19a1',80000,1);
INSERT INTO tier_prices VALUES('ffaf6bad-1d87-42b7-a939-70e4853ea9a7','0b099c29-108b-45aa-a1cd-5c8a99f957e6','bc57b15e-f455-4cb9-b784-867697154af5',80000,1);
INSERT INTO tier_prices VALUES('bfd3f839-c0df-4700-9e17-05030d3d3b46','6a558fa1-92c2-4eef-b736-02fcccb62582','761ec835-5924-4139-891d-fd0b42fa19a1',25000,1);
INSERT INTO tier_prices VALUES('3194d98d-867e-4a54-b4cd-54ba494d2b75','6a558fa1-92c2-4eef-b736-02fcccb62582','bc57b15e-f455-4cb9-b784-867697154af5',25000,1);
INSERT INTO tier_prices VALUES('7706fb0e-769b-4896-bd74-cc70a7899faa','652df214-5770-46fd-9bd4-0fa178626bb6','761ec835-5924-4139-891d-fd0b42fa19a1',85000,1);
INSERT INTO tier_prices VALUES('62031110-27f7-4f50-a215-c35fefeeb20a','652df214-5770-46fd-9bd4-0fa178626bb6','bc57b15e-f455-4cb9-b784-867697154af5',85000,1);
INSERT INTO tier_prices VALUES('8052882b-a792-4a78-81d2-666471072144','b36b0fe2-c99a-4b29-85bb-4870ba5d7a29','761ec835-5924-4139-891d-fd0b42fa19a1',100000,1);
INSERT INTO tier_prices VALUES('5a797d04-411f-41f1-838f-d6e81e9cfe6f','b36b0fe2-c99a-4b29-85bb-4870ba5d7a29','bc57b15e-f455-4cb9-b784-867697154af5',100000,1);
INSERT INTO tier_prices VALUES('3ced63c0-ee26-4087-b15e-c6658b8f4ac5','7d0dc214-4342-4c80-ba63-78fef6140576','761ec835-5924-4139-891d-fd0b42fa19a1',135000,1);
INSERT INTO tier_prices VALUES('1322b1da-7b45-4a78-8476-0281eba8d5b9','7d0dc214-4342-4c80-ba63-78fef6140576','bc57b15e-f455-4cb9-b784-867697154af5',135000,1);
INSERT INTO tier_prices VALUES('3adf06df-8118-4a4e-aa23-e5712f88afb1','ba06eef4-7aca-4f37-9484-401322ac4d44','761ec835-5924-4139-891d-fd0b42fa19a1',30000,1);
INSERT INTO tier_prices VALUES('71eba60e-9c74-461c-a20c-5e7e52eec1a5','ba06eef4-7aca-4f37-9484-401322ac4d44','bc57b15e-f455-4cb9-b784-867697154af5',30000,1);
INSERT INTO tier_prices VALUES('4842ca5c-3c36-4ea1-953c-6cc6570a9fc3','64c6f2de-0f86-4576-aef4-d49a52f90ba3','761ec835-5924-4139-891d-fd0b42fa19a1',60000,1);
INSERT INTO tier_prices VALUES('921cdffd-fca5-4442-b377-3a01bd7f43f9','64c6f2de-0f86-4576-aef4-d49a52f90ba3','bc57b15e-f455-4cb9-b784-867697154af5',60000,1);
INSERT INTO tier_prices VALUES('cc95b8b4-2057-4ff4-a700-1932d0d25620','879d7f10-74be-4b07-9a82-e9bb95a571f5','761ec835-5924-4139-891d-fd0b42fa19a1',35000,1);
INSERT INTO tier_prices VALUES('094c227c-1c50-4f91-aae7-7b927370832e','879d7f10-74be-4b07-9a82-e9bb95a571f5','bc57b15e-f455-4cb9-b784-867697154af5',35000,1);
CREATE TABLE IF NOT EXISTS `tiers` (
	`id` text PRIMARY KEY NOT NULL,
	`name` text NOT NULL
);
INSERT INTO tiers VALUES('761ec835-5924-4139-891d-fd0b42fa19a1','L24J');
INSERT INTO tiers VALUES('bc57b15e-f455-4cb9-b784-867697154af5','SHOSHA');
CREATE TABLE IF NOT EXISTS `users` (
	`id` text PRIMARY KEY NOT NULL,
	`username` text NOT NULL,
	`phone` text NOT NULL,
	`password` text NOT NULL,
	`role` text NOT NULL,
	`tier_id` text,
	`branch_name` text, `created_by` text, `is_active` integer DEFAULT true NOT NULL, `has_completed_tour` integer DEFAULT false NOT NULL,
	FOREIGN KEY (`tier_id`) REFERENCES `tiers`(`id`) ON UPDATE no action ON DELETE no action
);
INSERT INTO users VALUES('4b4082fe-876c-4667-9b64-8b351ad64a26','PANCORAN MAS DEPOK','08138120083','$2b$10$gYQgdLUAMClwOJwRFDd6c.BehLbEHEFqUNCwMMH5p0VZSiL5RdruC','BUYER','761ec835-5924-4139-891d-fd0b42fa19a1','PANCORAN MAS DEPOK','ff2adde3-ad76-48a5-9401-af3c17d53dd3',1,1);
INSERT INTO users VALUES('0c22e934-f7ec-445e-88a1-9785e4742d5b','superadmin','08111111111','$2b$10$UaYr/r2/PCZqY3AiRsEc2uvoeOM.Vk0e6iUBPw2DfmYZbF6R1bK2O','SUPERADMIN',NULL,NULL,NULL,1,1);
INSERT INTO users VALUES('ff2adde3-ad76-48a5-9401-af3c17d53dd3','admin_l24j','08222222222','$2b$10$8f5kjC.EHwW.OUIcNFzqrOkCSAX13jOyOKfybZ1MW/q5lCohOSnJ.','ADMIN_TIER','761ec835-5924-4139-891d-fd0b42fa19a1',NULL,NULL,1,1);
INSERT INTO users VALUES('58f634c5-4d1b-4af6-9fa2-7add19e496bd','admin_shosha','08333333333','$2b$10$lkc/Q/hXmL9zPiVovzzQYuChX9qUOSRQVf8SGGAT1/hq7xEyWdSI2','ADMIN_TIER','bc57b15e-f455-4cb9-b784-867697154af5',NULL,NULL,1,1);
INSERT INTO users VALUES('6220f127-7360-45e4-b8f2-1a3ac4757241','buyer_l24j_test','08444444444','$2b$10$31s6i2FOYwa51Y8NiZjPQea2rXhSSO6krVsmWDjsoJUxgwGcgwUg2','BUYER','761ec835-5924-4139-891d-fd0b42fa19a1','L24J Branch 1','ff2adde3-ad76-48a5-9401-af3c17d53dd3',1,0);
INSERT INTO users VALUES('67571e3f-f1a8-46a0-8419-4515b29bbf70','buyer_shosha_test','08555555555','$2b$10$j0n/9DIl4wp.iv05.7g5heeNpc9DGtzqjPLL66/T3ffWCw.6lQ.8S','BUYER','bc57b15e-f455-4cb9-b784-867697154af5','SHOSHA Branch 1','58f634c5-4d1b-4af6-9fa2-7add19e496bd',1,0);
INSERT INTO users VALUES('94a6fbfe-289a-4037-96a1-01aadf1238fd','PAHLAWAN','085782724282','$2b$10$Jy3rwCpiZtmgm6C8fhnBrOVRf.d8c81GueV9zzXtdcaKpR1idFg0q','BUYER','bc57b15e-f455-4cb9-b784-867697154af5','PAHLWAN','58f634c5-4d1b-4af6-9fa2-7add19e496bd',1,1);
INSERT INTO users VALUES('4a115fe5-3279-4824-bba0-93ff61f5c136','ASIROT','081234567891','$2b$10$/0LO99fKqXAyL07F2v30bOnQHGU8kx/WWa1nuW1b/rMzNA2uUhf9C','BUYER','bc57b15e-f455-4cb9-b784-867697154af5','Asirot','58f634c5-4d1b-4af6-9fa2-7add19e496bd',1,1);
INSERT INTO users VALUES('d4f5228e-91ba-466c-a036-0a6a82c570a3','KPBD','081234567892','$2b$10$DE0eG9gXB0KGecICsqX1g.CDLnNQP8HmjKmWDPwJeELriWuinbV/C','BUYER','bc57b15e-f455-4cb9-b784-867697154af5','KPBD','58f634c5-4d1b-4af6-9fa2-7add19e496bd',1,1);
INSERT INTO users VALUES('7783438d-3ece-4e79-b01f-48bb411895dd','PETUKANGAN_BARU','081234567893','$2b$10$6tndVs/nx22H/DQGGf5a3e0lNnk8oWrvajVa64sxrOFF0WoE/VOT2','BUYER','bc57b15e-f455-4cb9-b784-867697154af5','PETUKANGAN L24J','58f634c5-4d1b-4af6-9fa2-7add19e496bd',1,0);
INSERT INTO users VALUES('08db9fdb-5753-4bc3-b1d1-b3b39d20aebb','PETUKANGAN_LAMA','081234567894','$2b$10$o00KfAXSoNHyWEm8jBIJyuaw1hdH5hJV66SR0Gy6hflRItl7dmboC','BUYER','bc57b15e-f455-4cb9-b784-867697154af5','PETUKANGAN LAMA','58f634c5-4d1b-4af6-9fa2-7add19e496bd',1,1);
INSERT INTO users VALUES('5757dd9a-9296-4d49-be17-d9c8717e327e','RINI','081287783896','$2b$10$QYHF1qsX8WInWYioWepxcOxH9UNUMbMekn6FHGXNzlTioZQ.cs3OG','BUYER','761ec835-5924-4139-891d-fd0b42fa19a1','RADIO DALAM LAMA','58f634c5-4d1b-4af6-9fa2-7add19e496bd',1,1);
INSERT INTO users VALUES('76512868-3d37-42c9-a72b-53c02b06ebf8','CIPETE','081234567896','$2b$10$ikONX.p8cFKYp5dz4UTTquofFRCr5pwmxnsjypj9WTMMQWQRCSzE6','BUYER','bc57b15e-f455-4cb9-b784-867697154af5','CIPETE','58f634c5-4d1b-4af6-9fa2-7add19e496bd',1,1);
INSERT INTO users VALUES('bdff73ac-d535-4880-bb83-59ae0dcb377b','TANAH_KUSIR','085216903458','$2b$10$HkvX5o4yAGo4L9Cu/FA/JumyIsJAG0Klfc8T2oSGYH/oA8jCFfVWK','BUYER','bc57b15e-f455-4cb9-b784-867697154af5','TANAH KUSIR','58f634c5-4d1b-4af6-9fa2-7add19e496bd',1,1);
INSERT INTO users VALUES('8869a2b1-c0d5-4243-b83c-6c3ee6868d23','NAPKIN','081234657898','$2b$10$jtQhsB0kxaftMcGuxLHCh.5A6NwTxpQygK3ClhWjodXF33Nq6/nQy','BUYER','bc57b15e-f455-4cb9-b784-867697154af5','NAPKIN','58f634c5-4d1b-4af6-9fa2-7add19e496bd',1,1);
INSERT INTO users VALUES('8fdc5926-2438-4366-91f4-d9cd89ef8b95','RD_L24J','081234567899','$2b$10$jg9wyPPAobXxpN3MuuAw.O27k5jbsZUTjEMU9QRCH3FRS7I2Hfq1W','BUYER','bc57b15e-f455-4cb9-b784-867697154af5','RADIO DALAM L24J','58f634c5-4d1b-4af6-9fa2-7add19e496bd',1,1);
INSERT INTO users VALUES('e3b1132e-78a8-48ab-a498-ed98b04dc1ce','GG_MESS','0812345678910','$2b$10$ZKiWk5SBC7A5fqZFTHuXkuR6FSXvxR.k8SQDA1.aKCYGtbartRkPS','BUYER','bc57b15e-f455-4cb9-b784-867697154af5','GANG MESS','58f634c5-4d1b-4af6-9fa2-7add19e496bd',1,0);
INSERT INTO users VALUES('c361ee93-a664-4965-86b2-f99ab0bfed48','KB_MANGGA','+62 822-1155-1503','$2b$10$z7/CfKcemoDl5CBnc6NKHOl9sGtyRtKQHxaZ2gRrtAuls16IbrGzy','BUYER','bc57b15e-f455-4cb9-b784-867697154af5','KEBON MANGGA','58f634c5-4d1b-4af6-9fa2-7add19e496bd',1,1);
INSERT INTO users VALUES('debdcec2-d22d-4658-9edb-bc4e66974cc8','BRANT','081234578912','$2b$10$E2/cDAt33REku0E..uph5Opf1ZGKIAi2twLts5WRB9auDDIXv2eeO','BUYER','bc57b15e-f455-4cb9-b784-867697154af5','BRANT','58f634c5-4d1b-4af6-9fa2-7add19e496bd',1,1);
INSERT INTO users VALUES('8a65ddff-8d5b-49bc-8656-b7c30d2d14d4','K_PULO','0812345678913','$2b$10$70yu0uWsbGP6sCtVtZQpx.aacIkrmYCnLycxdJ13JtK.nUaqGRdua','BUYER','bc57b15e-f455-4cb9-b784-867697154af5','KEMANGGISAN PULO','58f634c5-4d1b-4af6-9fa2-7add19e496bd',1,1);
INSERT INTO users VALUES('fa7eeb9d-19a8-441d-a489-241fdc7969ec','CIRACAS','0812345678914','$2b$10$rhznAERoVWXzYqi6i2F6AO5tie7iYwBOB6bNC8V.C68mhRpKoUsy.','BUYER','761ec835-5924-4139-891d-fd0b42fa19a1','CIRACAS','ff2adde3-ad76-48a5-9401-af3c17d53dd3',1,0);
INSERT INTO users VALUES('24979ae0-9fb1-41c2-bd21-8c87925ffb3b','CINERE','0812345678915','$2b$10$kuPkXiZYaoic7Q62XQV/W.1rsX/olI5GJbbyLyj8rq20YeBLMk1my','BUYER','761ec835-5924-4139-891d-fd0b42fa19a1','CINERE','ff2adde3-ad76-48a5-9401-af3c17d53dd3',1,0);
INSERT INTO users VALUES('ae313745-859b-4bb3-af1a-c72f565a70fb','CILANGKAP','0812345678916','$2b$10$R8NangGmVOTQaILwfCC/Ru74XL.50b15dqZEtC2v2PadizzvjCKuO','BUYER','761ec835-5924-4139-891d-fd0b42fa19a1','CILANGKAP','ff2adde3-ad76-48a5-9401-af3c17d53dd3',1,1);
INSERT INTO users VALUES('91db8a1a-3460-4b22-b144-536cb96273a5','PANGKALAN_JATI','0812345678917','$2b$10$6qZgeiMAoDu2FZZsXiDV7u9TQ/92hBop7VdAG3Bhgxw1vSUAA.V.S','BUYER','761ec835-5924-4139-891d-fd0b42fa19a1','PANGKALAN JATI','ff2adde3-ad76-48a5-9401-af3c17d53dd3',1,1);
INSERT INTO users VALUES('0aea9e44-5eb9-4a93-a2cb-1d7faaee077d','NUSA_INDAH','0812345678918','$2b$10$dLGT48pggHv3ZYqOBMiKKu1WIbFFD53ghRr2ezGnO05LZjJSY9rAG','BUYER','761ec835-5924-4139-891d-fd0b42fa19a1','NUSA INDAH','ff2adde3-ad76-48a5-9401-af3c17d53dd3',1,1);
INSERT INTO users VALUES('d5ef1474-5d6a-4f21-81c2-aea31d27d501','CONDET','0812345678919','$2b$10$i3z8qUNSxjQDtifap7b8nOZRjnzRtLiIgdG3pgVVi9.XEhSjscPla','BUYER','761ec835-5924-4139-891d-fd0b42fa19a1','CONDET','ff2adde3-ad76-48a5-9401-af3c17d53dd3',1,0);
INSERT INTO users VALUES('5ca7051b-94c9-4ddc-9301-00903b3cc703','CIPETE_L24J','0812345678920','$2b$10$31s6i2FOYwa51Y8NiZjPQea2rXhSSO6krVsmWDjsoJUxgwGcgwUg2','BUYER','761ec835-5924-4139-891d-fd0b42fa19a1','CIPETE L24J','ff2adde3-ad76-48a5-9401-af3c17d53dd3',1,0);
INSERT INTO users VALUES('3220e988-e584-4269-9249-46ae82a4f91d','HALIM','0812345678921','$2b$10$e35LHKQTtMKkB0sYOnHhE.bcUPtb1/OiPQN6YurNTAOEYBS4D0l8S','BUYER','761ec835-5924-4139-891d-fd0b42fa19a1','HALIM','ff2adde3-ad76-48a5-9401-af3c17d53dd3',1,0);
INSERT INTO users VALUES('78fa5422-10dc-4a20-8256-493a8437a4dd','SRENGSENG','0812345678922','$2b$10$LKDOmOQ9W/5PdO.RS5EMkOq5lendkzXKNMIWIyhzmTb1nNund0KFi','BUYER','761ec835-5924-4139-891d-fd0b42fa19a1','SRENGSENG','ff2adde3-ad76-48a5-9401-af3c17d53dd3',1,1);
INSERT INTO users VALUES('8207a27f-e401-4b89-8415-d223cfa30862','ULU_JAMI','0812345678923','$2b$10$i7zXzMZlwYpo5gzz8Ef92OphUAncq9g9a9Dt/JsAMHOPOranmpCFG','BUYER','761ec835-5924-4139-891d-fd0b42fa19a1','ULU JAMI','ff2adde3-ad76-48a5-9401-af3c17d53dd3',1,1);
INSERT INTO users VALUES('53342050-2293-43c5-af26-87657a12d222','JAGA_2','0812345678925','$2b$10$4POrfaKP0I/zc5ZPFFVeu.tSSTvumKDCouSH2z88STV4O6fLFm3N6','BUYER','761ec835-5924-4139-891d-fd0b42fa19a1','JAGAKARSA 2','ff2adde3-ad76-48a5-9401-af3c17d53dd3',1,1);
INSERT INTO users VALUES('f7bb0008-0b20-412c-8c32-e58d1dd7c4c8','JAGA_1','082298080132','$2b$10$BmE39MyOa4UG0NBruug/5.5X.rKYghw5weJRTw87VxpctgxXcA7Iu','BUYER','761ec835-5924-4139-891d-fd0b42fa19a1','JAGAKARSA 1','ff2adde3-ad76-48a5-9401-af3c17d53dd3',1,1);
INSERT INTO users VALUES('c5913489-ba5c-44e8-ba3f-71c104ccc25c','JAGA_3','081385032420','$2b$10$owtoWgXf.VdwetFUp1L/x.zIsgMD4AZNq8CFbwTwDMoeP1rwoFKgy','BUYER','761ec835-5924-4139-891d-fd0b42fa19a1','JAGAKARSA 3','ff2adde3-ad76-48a5-9401-af3c17d53dd3',1,1);
INSERT INTO users VALUES('84a5eeff-3853-4b56-bda5-85c347e1abe6','l24_jaga4','081324926652','$2b$10$.RgCW7GR62QmcOkSIE5y..nQgmAXihAq3rqES6siFtvPVST25XVjS','BUYER','761ec835-5924-4139-891d-fd0b42fa19a1','JAGAKARSA 4','ff2adde3-ad76-48a5-9401-af3c17d53dd3',1,1);
INSERT INTO users VALUES('405aa339-4e52-4689-b80c-021eb604ffb9','JAGA_5','0812346578928','$2b$10$/Mzy7SUimOLJHSXJHgu0m.oaGj29Aj37b./f4/o4VANdBEVvu7q6m','BUYER','761ec835-5924-4139-891d-fd0b42fa19a1','JAGAKARSA 5','ff2adde3-ad76-48a5-9401-af3c17d53dd3',1,0);
INSERT INTO users VALUES('b28fab36-e66b-4025-acd8-598f4d69011f','JAGA_6','081385900057','$2b$10$AZ5AJdkrVc0g3klXoR6E7.ihzu6AnhD5usUNwucDEkQBxmoEuNuI2','BUYER','761ec835-5924-4139-891d-fd0b42fa19a1','JAGAKARSA 6','ff2adde3-ad76-48a5-9401-af3c17d53dd3',1,1);
INSERT INTO users VALUES('e0e1c8e5-75bb-423d-86a2-9ff338301fe4','FF','0812345678929','$2b$10$hBZeuvXFgY.54jxO4brw7..wgyX9R/yXkS/MoLkGVsAP8JYVKyNvy','BUYER','761ec835-5924-4139-891d-fd0b42fa19a1','FF','ff2adde3-ad76-48a5-9401-af3c17d53dd3',1,1);
INSERT INTO users VALUES('7136a6b3-ef44-4fe9-b68b-9c2695833725','KEBAGUSAN','0812345678931','$2b$10$biS2CTvzWRlfJqMG5HkWgOSffsv9LGG8mUm30/du3WA9rZU9UOJQm','BUYER','761ec835-5924-4139-891d-fd0b42fa19a1','KEBAGUSAN','ff2adde3-ad76-48a5-9401-af3c17d53dd3',1,1);
INSERT INTO users VALUES('219c90fd-52a6-43b2-9f66-f6c031f3fb8f','KEMANDORAN','0812345678932','$2b$10$GcR0M3b2/g0oEkvqiykSfuh.DRyVtFUcP188AEF.5I2av6wEze8qS','BUYER','761ec835-5924-4139-891d-fd0b42fa19a1','KEMANDORAN','ff2adde3-ad76-48a5-9401-af3c17d53dd3',1,0);
INSERT INTO users VALUES('f6c4269b-a303-41a2-a631-efdf77ab36d9','KEMANGGISAN','0812345678933','$2b$10$EHzyg7KBnvfPWRuaKDfACeepoZ7rHTlKe0p5HE1EDFRsP1iT398B6','BUYER','761ec835-5924-4139-891d-fd0b42fa19a1','KEMANGGISAN','ff2adde3-ad76-48a5-9401-af3c17d53dd3',1,1);
INSERT INTO users VALUES('8083679b-a335-411b-8ee3-b95d28e3c7b2','DEPOK_BEJI','0812345678934','$2b$10$jIxOjIkjjloRfmi26w/4Cu1Pc6SnvHzoSfytezXagbMTy2e2bTn2.','BUYER','761ec835-5924-4139-891d-fd0b42fa19a1','DEPOK BEJI','ff2adde3-ad76-48a5-9401-af3c17d53dd3',1,1);
INSERT INTO users VALUES('9e618284-a039-40c5-97c8-bf9939590128','KARANG_TENGAH','0812345678935','$2b$10$T1Lt/mqywqnAKYbxYpj.o.2e5GPFW9ivsCHyu0XJTBKkFeDfOKk3y','BUYER','761ec835-5924-4139-891d-fd0b42fa19a1','KARANG TENGAH 2','ff2adde3-ad76-48a5-9401-af3c17d53dd3',1,1);
INSERT INTO users VALUES('5c6fd645-6a90-456c-8b27-449c81870176','JOGLO','0812345678936','$2b$10$SAf3Fi3jejH3Js4W.Pqug.Ya22rRv4uQZeeHNKdTysG3LGyFjSoNu','BUYER','761ec835-5924-4139-891d-fd0b42fa19a1','JOGLO','ff2adde3-ad76-48a5-9401-af3c17d53dd3',1,1);
INSERT INTO users VALUES('2ab2bcf1-4de8-41ad-a922-fb10cba4e59e','ANGGREK','0812345678937','$2b$10$gqSn3lCuW6O4oScwMhVTUuvXpDPXic4wfbKSUd0FdfKWDxHGL3MmO','BUYER','761ec835-5924-4139-891d-fd0b42fa19a1','ANGGREK','ff2adde3-ad76-48a5-9401-af3c17d53dd3',1,1);
INSERT INTO users VALUES('33945e29-4ec5-4387-92e9-6d7dc46a3256','R.SANIM','0812345678938','$2b$10$/H.LM9gejuMAR4QRDT/fROHGiRAmTDRagQVs7X1yEdk/.blcJCKUm','BUYER','761ec835-5924-4139-891d-fd0b42fa19a1','DEPOK SANIM','ff2adde3-ad76-48a5-9401-af3c17d53dd3',1,1);
INSERT INTO users VALUES('2a983624-9ccb-40dd-ba2b-182b37dfd41b','TANAH ABANG','0812345678940','$2b$10$7V/B1pOT24QynOnHGxkdue6.SAyAAJkf51wizEfkmmKKT/DZ3ITha','BUYER','761ec835-5924-4139-891d-fd0b42fa19a1','TANAH ABANG','ff2adde3-ad76-48a5-9401-af3c17d53dd3',1,1);
INSERT INTO users VALUES('25a51e02-703f-4826-bd1f-d70c5ae5053a','LONTAR','0812345678939','$2b$10$gI3DHIWhG/sgK7e/nvY8wOuIzz5VgICdG77z5uAE9.R5epym8atWa','BUYER','761ec835-5924-4139-891d-fd0b42fa19a1','LONTAR','ff2adde3-ad76-48a5-9401-af3c17d53dd3',1,1);
INSERT INTO users VALUES('14214157-e0b0-4cfe-b4fe-6dbd8ffd5958','DADI','0812345678941','$2b$10$/ytq5wdxw7bRyvbSe4SCpuN6uDpy5iQ8jyiCIUURkK1uL0N.9/Ss6','BUYER','761ec835-5924-4139-891d-fd0b42fa19a1','SETU','ff2adde3-ad76-48a5-9401-af3c17d53dd3',1,1);
INSERT INTO users VALUES('66193008-08a9-4511-afb5-51e1ca6a8d80','CILEDUG','0812345678943','$2b$10$lsYCBmvwUG8oE3ATIU3mNut61sWW6K2TBl.8xJT0G5G2UtHYp3E7a','BUYER','761ec835-5924-4139-891d-fd0b42fa19a1','CILEDUG','ff2adde3-ad76-48a5-9401-af3c17d53dd3',1,1);
INSERT INTO users VALUES('cc36d53a-81cb-4d70-92db-857b9cd3110b','SADARAYA','0812345678944','$2b$10$KWdE9ZJACnoHPDAop0/UR.XfbmUprY46gVhLDVXp0mNVK0Jg0mTo.','BUYER','761ec835-5924-4139-891d-fd0b42fa19a1','SADARAYA','ff2adde3-ad76-48a5-9401-af3c17d53dd3',1,1);
INSERT INTO users VALUES('6dbdc678-834f-47ea-aa02-36ceee22597a','KANTOR_L24J','0812345678951','$2b$10$ccDdDuN7rNQtYpfLF3ScjuPUE3ZDJGx.es.x4nV6XwJXV4FxyF0vy','BUYER','761ec835-5924-4139-891d-fd0b42fa19a1','KANTOR_L24J','ff2adde3-ad76-48a5-9401-af3c17d53dd3',1,0);
INSERT INTO users VALUES('0c22e934-f7ec-445e-88a1-9785e4742d5ac','admin_L24J','082125153750','$2b$10$o00KfAXSoNHyWEm8jBIJyuaw1hdH5hJV66SR0Gy6hflRItl7dmboC','ADMIN_TIER','bc57b15e-f455-4cb9-b784-867697154af5',NULL,NULL,0,0);
INSERT INTO users VALUES('361539dd-9110-4502-bf58-f5c68218390f','DEPOK_RTM','081313456403','$2b$10$m/JbpbELcM9ZLnir1sb/DuQ0ce/x6JBmu883MkYEHTIKskFynPu2q','BUYER','761ec835-5924-4139-891d-fd0b42fa19a1','DEPOK RTM','ff2adde3-ad76-48a5-9401-af3c17d53dd3',1,1);
CREATE TABLE IF NOT EXISTS `order_items` (
	`id` text PRIMARY KEY NOT NULL,
	`order_id` text NOT NULL,
	`product_id` text NOT NULL,
	`quantity` integer NOT NULL,
	`price_at_purchase` integer NOT NULL,
	FOREIGN KEY (`order_id`) REFERENCES `orders`(`id`) ON UPDATE no action ON DELETE no action,
	FOREIGN KEY (`product_id`) REFERENCES `products`(`id`) ON UPDATE no action ON DELETE no action
);
INSERT INTO order_items VALUES('ebeaa9c9-2b9d-4400-8e95-93b3dcb01996','ae0548d4-c39b-40a3-924a-d484eef9c46d','7d0dc214-4342-4c80-ba63-78fef6140576',1,135000);
INSERT INTO order_items VALUES('6d205fef-33cb-4e48-9a4b-35c5ed727d3a','e724c51c-584e-4df8-a02d-94bf0c609b95','cf156995-6fc8-409a-8b73-35d30dbe316d',1,40000);
INSERT INTO order_items VALUES('53cc5ee8-92f6-440e-97f9-37a6aee7b227','e724c51c-584e-4df8-a02d-94bf0c609b95','65ff8ec2-f9bd-4f9a-8b4a-187f44b6eed9',1,42000);
INSERT INTO order_items VALUES('49acedb7-ba6e-4f44-9655-8248fc566885','e724c51c-584e-4df8-a02d-94bf0c609b95','fb01cc49-5109-4557-a026-d660defd4ff2',1,42000);
INSERT INTO order_items VALUES('3037fc2c-d75a-442c-98ee-369f6f585833','e724c51c-584e-4df8-a02d-94bf0c609b95','21a99c44-102e-4d14-989a-5fa529f15f19',1,25000);
INSERT INTO order_items VALUES('28724a1d-cdcc-42cf-a281-9934df17887e','e724c51c-584e-4df8-a02d-94bf0c609b95','38f4f998-ae3f-470a-820c-5532a0c1ead9',1,40000);
INSERT INTO order_items VALUES('66e244b5-ffab-4ad4-9f59-8019097677ff','e724c51c-584e-4df8-a02d-94bf0c609b95','10427ba2-f66f-4870-ba78-4a95c4e82be5',2,15000);
INSERT INTO order_items VALUES('c6689500-f8ac-448e-b6c8-77075b54fc47','bd079c2f-4d10-4366-bd51-6a5aa3f55be4','2db01f58-ac92-473e-aaa9-09614aac120e',2,15000);
INSERT INTO order_items VALUES('30ff605e-9605-461b-a3c8-3eaffc296b44','4fc8e418-4d73-464d-8525-f6b68b91ee84','b36b0fe2-c99a-4b29-85bb-4870ba5d7a29',1,100000);
INSERT INTO order_items VALUES('de58c46d-22e3-4754-9a6b-83ce39a2478b','38fbac06-2aa3-4a2b-bf20-5cced7732e7a','b09d304c-abea-4777-af0e-c228e123f02a',8,35000);
INSERT INTO order_items VALUES('b1786264-b2ff-4822-a755-254fd4963dcd','38fbac06-2aa3-4a2b-bf20-5cced7732e7a','e9a78e9b-92d6-45bf-ae60-76fac9ba6f93',1,40000);
INSERT INTO order_items VALUES('99ed8156-704b-481e-9c4d-1355308ce40d','38fbac06-2aa3-4a2b-bf20-5cced7732e7a','9d89889d-1651-4f24-a8e8-8a30815e8ff3',1,32000);
INSERT INTO order_items VALUES('b5278193-d66a-4aa4-b81f-4b61457eb21a','38fbac06-2aa3-4a2b-bf20-5cced7732e7a','03a9d97a-58c4-4112-ab97-f451c6206f43',3,8000);
INSERT INTO order_items VALUES('6ef47e37-fd04-4523-afd3-24bb1e95cec5','38fbac06-2aa3-4a2b-bf20-5cced7732e7a','35aaa6e2-79aa-42fd-b93c-3054e7466910',1,155000);
INSERT INTO order_items VALUES('72f3b4d9-868d-4556-8265-3d9feba5d1f3','ad476c54-cf6b-483f-815d-5ebdefcc5f26','35aaa6e2-79aa-42fd-b93c-3054e7466910',1,155000);
INSERT INTO order_items VALUES('962341d5-ab3b-4016-ab2e-e3100190f0cd','ad476c54-cf6b-483f-815d-5ebdefcc5f26','b09d304c-abea-4777-af0e-c228e123f02a',1,35000);
INSERT INTO order_items VALUES('d0fcfeab-4798-42be-8294-45c194ca2db3','ad476c54-cf6b-483f-815d-5ebdefcc5f26','7bcc871a-babf-48c6-8f6a-52bbd4c79cc4',1,55000);
INSERT INTO order_items VALUES('2c3d2fa0-f85e-4ebc-b62d-74da18e87b78','29c0d34a-5c82-4b29-a2f6-ba4debd24696','35aaa6e2-79aa-42fd-b93c-3054e7466910',1,155000);
INSERT INTO order_items VALUES('8ec0265f-e74f-4cdd-a03f-ea9166ec5034','29c0d34a-5c82-4b29-a2f6-ba4debd24696','535a610a-a9e1-42a8-a752-0fc2fd9946d4',5,32000);
INSERT INTO order_items VALUES('2a0b8724-da85-4863-8bcc-15d5189fdf4b','29c0d34a-5c82-4b29-a2f6-ba4debd24696','b46d77fb-f999-4cf3-ae5e-8ecba3e8cbbe',7,32000);
INSERT INTO order_items VALUES('73e5698c-4b46-4252-8278-a0de25339191','29c0d34a-5c82-4b29-a2f6-ba4debd24696','9d89889d-1651-4f24-a8e8-8a30815e8ff3',12,32000);
INSERT INTO order_items VALUES('10ad9ec5-8799-44d7-acf1-3aba859e8cff','29c0d34a-5c82-4b29-a2f6-ba4debd24696','109f6b4e-a706-4334-ab86-5f20e3d29173',12,32000);
INSERT INTO order_items VALUES('7285d32a-25c1-4891-9e4b-5d291c45c69a','29c0d34a-5c82-4b29-a2f6-ba4debd24696','e9a78e9b-92d6-45bf-ae60-76fac9ba6f93',2,40000);
INSERT INTO order_items VALUES('1d3ca75a-f0c9-4242-87d3-066d070904e8','29c0d34a-5c82-4b29-a2f6-ba4debd24696','fb01cc49-5109-4557-a026-d660defd4ff2',2,42000);
INSERT INTO order_items VALUES('2ce63e16-d073-49b3-8bca-9b231dd8ae8d','29c0d34a-5c82-4b29-a2f6-ba4debd24696','03a9d97a-58c4-4112-ab97-f451c6206f43',1,8000);
INSERT INTO order_items VALUES('3af9bd1d-7f1e-4215-a73c-404355acf745','29c0d34a-5c82-4b29-a2f6-ba4debd24696','aadaf2af-5821-4244-a41f-844c414c5b6b',2,10000);
INSERT INTO order_items VALUES('96e2e598-77f6-4b79-ab02-f4b49fbbf9ca','29c0d34a-5c82-4b29-a2f6-ba4debd24696','10427ba2-f66f-4870-ba78-4a95c4e82be5',5,15000);
INSERT INTO order_items VALUES('96aff04f-a845-4c46-a41b-994b9946e6ab','1e75686c-e360-469d-8adb-c3303cc4db7b','03a9d97a-58c4-4112-ab97-f451c6206f43',10,8000);
INSERT INTO order_items VALUES('b61670c7-33a0-4e28-a9e5-db2f4088d403','1e75686c-e360-469d-8adb-c3303cc4db7b','f8bb230d-0d66-4832-b3de-861976c8e208',1,15000);
INSERT INTO order_items VALUES('4825c71f-36d3-49e7-a49c-f3b43db71f63','1e75686c-e360-469d-8adb-c3303cc4db7b','ceea1617-d998-4014-9136-7ea15e31da3b',1,95000);
INSERT INTO order_items VALUES('124d882b-b57f-4484-b109-3751d43b3853','78ec7c7c-74e1-447d-85e4-107f5f150e9c','35aaa6e2-79aa-42fd-b93c-3054e7466910',1,155000);
INSERT INTO order_items VALUES('e4bba85a-4f93-40f7-8129-d4038e269778','78ec7c7c-74e1-447d-85e4-107f5f150e9c','109f6b4e-a706-4334-ab86-5f20e3d29173',1,32000);
INSERT INTO order_items VALUES('17a3c875-0b88-4c8b-9d71-c3389cb306f4','78ec7c7c-74e1-447d-85e4-107f5f150e9c','9d89889d-1651-4f24-a8e8-8a30815e8ff3',1,32000);
INSERT INTO order_items VALUES('3d866be2-47df-4544-a71e-46bf60ee4e1c','78ec7c7c-74e1-447d-85e4-107f5f150e9c','b46d77fb-f999-4cf3-ae5e-8ecba3e8cbbe',1,32000);
INSERT INTO order_items VALUES('f6934aa8-b8d0-48d5-865f-d3085ab360aa','78ec7c7c-74e1-447d-85e4-107f5f150e9c','b09d304c-abea-4777-af0e-c228e123f02a',1,35000);
INSERT INTO order_items VALUES('ae08d413-c5ba-4b64-b494-e80dd8103025','7e8be655-ded0-4ad7-95ce-c6bd33e45953','535a610a-a9e1-42a8-a752-0fc2fd9946d4',2,32000);
INSERT INTO order_items VALUES('04dbedd8-7e0f-4600-9014-b0470bbe08ea','7e8be655-ded0-4ad7-95ce-c6bd33e45953','b46d77fb-f999-4cf3-ae5e-8ecba3e8cbbe',3,32000);
INSERT INTO order_items VALUES('0f31e55f-b69b-4bab-968b-4e87225c3602','7e8be655-ded0-4ad7-95ce-c6bd33e45953','9d89889d-1651-4f24-a8e8-8a30815e8ff3',3,32000);
INSERT INTO order_items VALUES('5165ee5b-74bf-42cf-ac32-d816d3931a25','7e8be655-ded0-4ad7-95ce-c6bd33e45953','b09d304c-abea-4777-af0e-c228e123f02a',2,35000);
INSERT INTO order_items VALUES('cfd0b22a-2f9c-4fb3-9403-a2cc334af980','7e8be655-ded0-4ad7-95ce-c6bd33e45953','35aaa6e2-79aa-42fd-b93c-3054e7466910',2,155000);
INSERT INTO order_items VALUES('eea77f8d-fab2-4ffd-97b9-4aab2267b191','7e8be655-ded0-4ad7-95ce-c6bd33e45953','5049ce56-14c6-4eba-ac9a-bf9334722708',1,6500);
INSERT INTO order_items VALUES('ab02e3c0-29f6-4d33-9b20-162c945c928a','7e8be655-ded0-4ad7-95ce-c6bd33e45953','03a9d97a-58c4-4112-ab97-f451c6206f43',2,8000);
INSERT INTO order_items VALUES('12fbe11f-76af-44bf-a497-38a44704b57f','7e8be655-ded0-4ad7-95ce-c6bd33e45953','3d5cbc3c-dc55-46af-a200-a8a9c2080947',1,25000);
INSERT INTO order_items VALUES('05dd6b0d-c612-4c7b-8472-9f914d4a4c86','f5672565-fc2f-4dd9-8a8a-57c496c42497','535a610a-a9e1-42a8-a752-0fc2fd9946d4',5,32000);
INSERT INTO order_items VALUES('126ef574-24e4-4b29-91f8-85794b3dcce2','f5672565-fc2f-4dd9-8a8a-57c496c42497','b46d77fb-f999-4cf3-ae5e-8ecba3e8cbbe',5,32000);
INSERT INTO order_items VALUES('cc5d1e76-8d24-4920-85ed-022de9dcdabc','f5672565-fc2f-4dd9-8a8a-57c496c42497','9d89889d-1651-4f24-a8e8-8a30815e8ff3',5,32000);
INSERT INTO order_items VALUES('300c5086-25e4-426b-ae71-eeb39ded2ec5','f5672565-fc2f-4dd9-8a8a-57c496c42497','109f6b4e-a706-4334-ab86-5f20e3d29173',5,32000);
INSERT INTO order_items VALUES('e5a97743-9b7b-430e-b62d-9aeb81691edd','f5672565-fc2f-4dd9-8a8a-57c496c42497','35aaa6e2-79aa-42fd-b93c-3054e7466910',1,155000);
INSERT INTO order_items VALUES('98639fec-f7f9-4637-be83-4accfa573cd2','f5672565-fc2f-4dd9-8a8a-57c496c42497','10427ba2-f66f-4870-ba78-4a95c4e82be5',2,15000);
INSERT INTO order_items VALUES('ff9cce96-fa0b-41f3-bbd9-5a6b841328b2','f5672565-fc2f-4dd9-8a8a-57c496c42497','7d0dc214-4342-4c80-ba63-78fef6140576',1,135000);
INSERT INTO order_items VALUES('60f1c018-31c8-466b-ab67-a16633930843','15ba0465-eb7f-4dfc-b749-62a7f0844654','bcccaf38-538d-4980-b563-143793ecb2f6',1,35000);
INSERT INTO order_items VALUES('e9e26c5e-e85c-408d-af6b-a3365779a003','15ba0465-eb7f-4dfc-b749-62a7f0844654','e9a78e9b-92d6-45bf-ae60-76fac9ba6f93',1,40000);
INSERT INTO order_items VALUES('64607477-fd1c-44cc-b23d-60e236366bf9','15ba0465-eb7f-4dfc-b749-62a7f0844654','b46d77fb-f999-4cf3-ae5e-8ecba3e8cbbe',3,32000);
INSERT INTO order_items VALUES('1c4e8bdc-cc9b-4ab1-896f-b094f4046a79','15ba0465-eb7f-4dfc-b749-62a7f0844654','9d89889d-1651-4f24-a8e8-8a30815e8ff3',3,32000);
INSERT INTO order_items VALUES('a6839ff3-ea03-4768-9e01-2795f9a68af6','15ba0465-eb7f-4dfc-b749-62a7f0844654','109f6b4e-a706-4334-ab86-5f20e3d29173',3,32000);
INSERT INTO order_items VALUES('86a2d57d-7b31-4aa7-9bce-fda1236fe234','15ba0465-eb7f-4dfc-b749-62a7f0844654','7bcc871a-babf-48c6-8f6a-52bbd4c79cc4',1,55000);
INSERT INTO order_items VALUES('f0d069e1-773e-484b-80a0-56d116415826','15ba0465-eb7f-4dfc-b749-62a7f0844654','35aaa6e2-79aa-42fd-b93c-3054e7466910',1,155000);
INSERT INTO order_items VALUES('c30cc6fe-b32d-448c-863f-c9aa628c044e','15ba0465-eb7f-4dfc-b749-62a7f0844654','ceea1617-d998-4014-9136-7ea15e31da3b',1,95000);
INSERT INTO order_items VALUES('54643bd1-9451-4b86-8cbc-6aee322173ae','15ba0465-eb7f-4dfc-b749-62a7f0844654','7d0dc214-4342-4c80-ba63-78fef6140576',1,135000);
INSERT INTO order_items VALUES('2e2bcf64-76d2-4b75-9811-14633e5d5e23','9f4d9ce7-eed8-42e2-bf0f-6396df854648','e9a78e9b-92d6-45bf-ae60-76fac9ba6f93',2,40000);
INSERT INTO order_items VALUES('7bf1a4b7-2bab-4104-8890-9f8f52bcadcb','9f4d9ce7-eed8-42e2-bf0f-6396df854648','03a9d97a-58c4-4112-ab97-f451c6206f43',2,8000);
INSERT INTO order_items VALUES('bd50af01-4480-479a-b77e-c69a2424ff0f','9f4d9ce7-eed8-42e2-bf0f-6396df854648','b46d77fb-f999-4cf3-ae5e-8ecba3e8cbbe',6,32000);
INSERT INTO order_items VALUES('1c3be681-7d4b-4559-bafb-47349d9d4121','9f4d9ce7-eed8-42e2-bf0f-6396df854648','9d89889d-1651-4f24-a8e8-8a30815e8ff3',5,32000);
INSERT INTO order_items VALUES('49e233ce-4593-4f07-976a-eb2201e8fca7','9f4d9ce7-eed8-42e2-bf0f-6396df854648','109f6b4e-a706-4334-ab86-5f20e3d29173',8,32000);
INSERT INTO order_items VALUES('6ceacc00-2713-4b75-83eb-e4fd19fe9a8f','9f4d9ce7-eed8-42e2-bf0f-6396df854648','35aaa6e2-79aa-42fd-b93c-3054e7466910',2,155000);
INSERT INTO order_items VALUES('356907c4-d86a-4770-b462-41b676c5be36','9f4d9ce7-eed8-42e2-bf0f-6396df854648','10427ba2-f66f-4870-ba78-4a95c4e82be5',5,15000);
INSERT INTO order_items VALUES('cf62d6ff-e76a-4f71-b684-def9e61464d1','c5c7070d-609c-47df-b55a-2a6992b438b5','7d0dc214-4342-4c80-ba63-78fef6140576',1,135000);
INSERT INTO order_items VALUES('6c12b9f5-fd42-4435-9bc6-05828d5011df','c5c7070d-609c-47df-b55a-2a6992b438b5','9d89889d-1651-4f24-a8e8-8a30815e8ff3',3,32000);
INSERT INTO order_items VALUES('b452f3ea-bb24-426a-a47d-9236cebe65a5','c11e5def-0a83-4f5a-9b4a-293e577ffaef','10427ba2-f66f-4870-ba78-4a95c4e82be5',3,15000);
INSERT INTO order_items VALUES('af5dd20b-1827-4708-8298-44639432f451','c11e5def-0a83-4f5a-9b4a-293e577ffaef','535a610a-a9e1-42a8-a752-0fc2fd9946d4',3,32000);
INSERT INTO order_items VALUES('c9be5128-c855-493d-a2cb-03d743d9c269','c11e5def-0a83-4f5a-9b4a-293e577ffaef','b46d77fb-f999-4cf3-ae5e-8ecba3e8cbbe',3,32000);
INSERT INTO order_items VALUES('e55db8cb-35cb-419e-8bbd-9d967b3c684c','f337c184-4698-4131-b27d-e102f83a7991','59130929-5904-4a4d-bee1-3fbdb7d9bec0',2,6000);
INSERT INTO order_items VALUES('9d747e65-cd8d-4821-ba29-a12bb2224207','f337c184-4698-4131-b27d-e102f83a7991','5049ce56-14c6-4eba-ac9a-bf9334722708',2,6500);
INSERT INTO order_items VALUES('4874da8c-882a-467a-91cf-f81446b4f06b','f337c184-4698-4131-b27d-e102f83a7991','6d9519f3-9bd4-4373-a477-024cde2c9168',1,35000);
INSERT INTO order_items VALUES('7414e7af-10ac-47fb-b5af-72cfbee85837','f337c184-4698-4131-b27d-e102f83a7991','e867f5af-ca29-406f-9da5-92642c21d1f6',2,10000);
INSERT INTO order_items VALUES('050e07a5-1804-4c3d-b15e-44757ba9e7a5','4d107e7a-db48-48ea-ad99-b220dec07c85','b09d304c-abea-4777-af0e-c228e123f02a',6,50000);
INSERT INTO order_items VALUES('0dba80ef-1f48-4633-be3a-838c7d11979c','4d107e7a-db48-48ea-ad99-b220dec07c85','4a9928b1-2d55-4f9a-818a-42e408ab06c5',2,60000);
INSERT INTO order_items VALUES('d585b154-426d-4d6d-80d4-ecddafbc736e','4d107e7a-db48-48ea-ad99-b220dec07c85','06b0ecf4-adac-41fc-8a90-c200ec6eb809',2,100000);
INSERT INTO order_items VALUES('97507a85-ad75-40f5-85a7-9002cd127ba4','6ee596f4-6529-4709-99d5-b31df670b0e9','fb01cc49-5109-4557-a026-d660defd4ff2',2,47000);
INSERT INTO order_items VALUES('21b7bd7a-d242-465c-ba1e-f0fda8195dd1','6ee596f4-6529-4709-99d5-b31df670b0e9','535a610a-a9e1-42a8-a752-0fc2fd9946d4',5,34000);
INSERT INTO order_items VALUES('778bf849-350b-434f-a92b-346f6800694a','6ee596f4-6529-4709-99d5-b31df670b0e9','9d89889d-1651-4f24-a8e8-8a30815e8ff3',3,34000);
INSERT INTO order_items VALUES('afc43b57-cfdc-4f95-ad85-f5ac9fc0dc91','6ee596f4-6529-4709-99d5-b31df670b0e9','10427ba2-f66f-4870-ba78-4a95c4e82be5',3,15000);
INSERT INTO order_items VALUES('fb8f7c2c-9937-4dab-b55c-852b12ca69ab','6ee596f4-6529-4709-99d5-b31df670b0e9','b09d304c-abea-4777-af0e-c228e123f02a',10,50000);
INSERT INTO order_items VALUES('53e91dc0-2b27-4cfa-838f-22f884ac6f02','6ee596f4-6529-4709-99d5-b31df670b0e9','4a9928b1-2d55-4f9a-818a-42e408ab06c5',2,60000);
INSERT INTO order_items VALUES('327d0a9c-c7f5-4260-99d3-bb4458b38040','6ee596f4-6529-4709-99d5-b31df670b0e9','06b0ecf4-adac-41fc-8a90-c200ec6eb809',1,100000);
INSERT INTO order_items VALUES('32821b09-3682-4588-9df4-f39160aaf063','6ee596f4-6529-4709-99d5-b31df670b0e9','0b121cb8-eef6-4845-8568-59510589ce7b',2,7500);
INSERT INTO order_items VALUES('d4df3394-6579-4410-8714-a6f607e1e2bf','6ee596f4-6529-4709-99d5-b31df670b0e9','35aaa6e2-79aa-42fd-b93c-3054e7466910',1,165000);
INSERT INTO order_items VALUES('cde9e17d-affa-4bdc-8a1a-673c00d16f0b','14d33b35-d0b2-490f-a291-db4e62f5c95b','06b0ecf4-adac-41fc-8a90-c200ec6eb809',2,100000);
INSERT INTO order_items VALUES('d1211129-ffeb-4551-aaca-df427bbece12','14d33b35-d0b2-490f-a291-db4e62f5c95b','35aaa6e2-79aa-42fd-b93c-3054e7466910',2,165000);
INSERT INTO order_items VALUES('b8b6fe9a-889e-48b4-ac6f-81537d1ebf8a','14d33b35-d0b2-490f-a291-db4e62f5c95b','10427ba2-f66f-4870-ba78-4a95c4e82be5',2,15000);
INSERT INTO order_items VALUES('92549186-a84a-4ea1-a50f-5c697bc0a61a','14d33b35-d0b2-490f-a291-db4e62f5c95b','535a610a-a9e1-42a8-a752-0fc2fd9946d4',2,34000);
INSERT INTO order_items VALUES('da3e0a9f-36fd-415a-bc2b-663119a27fa9','73f876f4-1fd4-44d7-96b5-9b2d6f52ff04','b09d304c-abea-4777-af0e-c228e123f02a',9,50000);
INSERT INTO order_items VALUES('e817e8bd-9a6b-4649-9ef3-d880ba14a1a9','73f876f4-1fd4-44d7-96b5-9b2d6f52ff04','4a9928b1-2d55-4f9a-818a-42e408ab06c5',1,60000);
INSERT INTO order_items VALUES('5eb8cd18-0c9a-4407-867c-4146f035c31b','73f876f4-1fd4-44d7-96b5-9b2d6f52ff04','06b0ecf4-adac-41fc-8a90-c200ec6eb809',1,100000);
INSERT INTO order_items VALUES('50dc1186-34b5-47d5-b328-0d75b13adeae','73f876f4-1fd4-44d7-96b5-9b2d6f52ff04','cf156995-6fc8-409a-8b73-35d30dbe316d',1,40000);
INSERT INTO order_items VALUES('d489ac2e-9258-4e14-aea3-9467dd320a2e','73f876f4-1fd4-44d7-96b5-9b2d6f52ff04','21a99c44-102e-4d14-989a-5fa529f15f19',1,25000);
INSERT INTO order_items VALUES('bb6d7b25-7563-4909-8c77-154123a1d41f','73f876f4-1fd4-44d7-96b5-9b2d6f52ff04','535a610a-a9e1-42a8-a752-0fc2fd9946d4',5,34000);
INSERT INTO order_items VALUES('fe9b8b73-3b2a-43fd-88ce-3effe57d1187','73f876f4-1fd4-44d7-96b5-9b2d6f52ff04','b46d77fb-f999-4cf3-ae5e-8ecba3e8cbbe',5,34000);
INSERT INTO order_items VALUES('62e6d629-5b2f-418f-a9df-372b09003226','73f876f4-1fd4-44d7-96b5-9b2d6f52ff04','fb01cc49-5109-4557-a026-d660defd4ff2',1,47000);
INSERT INTO order_items VALUES('7f3f3905-6ab5-41aa-a745-fecf5eff4db4','73f876f4-1fd4-44d7-96b5-9b2d6f52ff04','375a1926-ed27-4f2c-856c-3659393e6a47',1,165000);
INSERT INTO order_items VALUES('aa947e7d-00b9-4f23-80f6-807c334f8622','73f876f4-1fd4-44d7-96b5-9b2d6f52ff04','f6982ce5-5a8d-499a-9f03-2f94235b7838',1,35000);
INSERT INTO order_items VALUES('8692bb54-9924-4d3f-9b42-6321dfc038ff','73f876f4-1fd4-44d7-96b5-9b2d6f52ff04','ac6b24ad-3dce-4be9-9f01-9f88cbd9630d',1,18000);
INSERT INTO order_items VALUES('4bc04af7-81dc-4849-8ff9-34e81185ad10','73f876f4-1fd4-44d7-96b5-9b2d6f52ff04','0f1379c5-2f57-4fe1-befa-e45bede3a726',2,15000);
INSERT INTO order_items VALUES('c681ed2c-591e-49f9-93bf-2398365d1dfc','73f876f4-1fd4-44d7-96b5-9b2d6f52ff04','88ac4ce5-fc57-4852-8501-97af6ad8dc11',2,15000);
INSERT INTO order_items VALUES('29dea1cb-89f1-4cca-aa43-849d5fee175f','415b92cf-a680-4f8c-826b-f33fa5ee901b','b09d304c-abea-4777-af0e-c228e123f02a',4,50000);
INSERT INTO order_items VALUES('79fafb9c-e93b-4b87-82c4-1e1af314aa03','415b92cf-a680-4f8c-826b-f33fa5ee901b','35aaa6e2-79aa-42fd-b93c-3054e7466910',3,165000);
INSERT INTO order_items VALUES('eb691c39-a3ab-4e48-a2d3-c61697b7dc81','83e5ac73-9151-4463-8df2-3537708db34d','4a9928b1-2d55-4f9a-818a-42e408ab06c5',1,60000);
INSERT INTO order_items VALUES('81317234-9c16-4659-b1cb-e4597f5edecb','fb6765a5-a597-4ff0-bc6a-71e89aa4861a','35aaa6e2-79aa-42fd-b93c-3054e7466910',2,165000);
INSERT INTO order_items VALUES('e2781e0b-6103-4f6c-b08e-e1d373891da6','fb6765a5-a597-4ff0-bc6a-71e89aa4861a','06b0ecf4-adac-41fc-8a90-c200ec6eb809',4,100000);
INSERT INTO order_items VALUES('1bf13eae-76e7-4463-b146-00cb372c22ab','fb6765a5-a597-4ff0-bc6a-71e89aa4861a','09266a1c-910e-49fe-9797-e9f6af249d10',1,6000);
INSERT INTO order_items VALUES('8d6da5c1-229b-483f-be3a-590d97aab658','fb6765a5-a597-4ff0-bc6a-71e89aa4861a','01da9c35-555f-4317-8148-4ceba600fd49',2,6000);
INSERT INTO order_items VALUES('a7e6bea1-a670-4957-94c7-1ca273c0d6c5','fb6765a5-a597-4ff0-bc6a-71e89aa4861a','88ac4ce5-fc57-4852-8501-97af6ad8dc11',3,15000);
INSERT INTO order_items VALUES('d84b5967-3f86-40dd-8f32-5db3fbca5296','1e062b33-d008-43ed-a696-686c406497dd','b09d304c-abea-4777-af0e-c228e123f02a',10,50000);
INSERT INTO order_items VALUES('994776e2-1f90-4988-a932-eb94711662a1','1e062b33-d008-43ed-a696-686c406497dd','38f4f998-ae3f-470a-820c-5532a0c1ead9',2,40000);
INSERT INTO order_items VALUES('74357baf-407e-4c9d-9986-5af7a08b16c7','1e062b33-d008-43ed-a696-686c406497dd','fb01cc49-5109-4557-a026-d660defd4ff2',1,47000);
INSERT INTO order_items VALUES('b5922dd2-1b96-481e-b197-d3fdcdb43888','1e062b33-d008-43ed-a696-686c406497dd','109f6b4e-a706-4334-ab86-5f20e3d29173',3,34000);
INSERT INTO order_items VALUES('d771e3b9-91cb-440c-88e0-1d01d801d455','1e062b33-d008-43ed-a696-686c406497dd','b46d77fb-f999-4cf3-ae5e-8ecba3e8cbbe',3,34000);
INSERT INTO order_items VALUES('e4d307e3-59e6-4e0f-af5b-3a6bd73422cc','1e062b33-d008-43ed-a696-686c406497dd','9d89889d-1651-4f24-a8e8-8a30815e8ff3',3,34000);
INSERT INTO order_items VALUES('9fccd3b8-41a1-4447-a00c-d6de534f1826','1e062b33-d008-43ed-a696-686c406497dd','07743676-0a64-4981-aa2b-9723dc3b0515',1,20000);
INSERT INTO order_items VALUES('b22d4943-d973-4114-afe4-5a97218ba507','f310e1ab-e2d3-42d4-8229-ea24ce55d903','f6e530c7-d0fc-46af-a0a2-a4ef11509b10',1,650000);
INSERT INTO order_items VALUES('112aa852-8202-4cf7-9e22-92da04679b19','f310e1ab-e2d3-42d4-8229-ea24ce55d903','8bb07c04-ff79-4f2d-bc0c-fad851d04daa',1,270000);
INSERT INTO order_items VALUES('565834ab-5d46-41e9-8fc3-2d6b37fa1919','6c6c8719-df90-4c5f-b0bf-51c617542d02','b09d304c-abea-4777-af0e-c228e123f02a',6,50000);
INSERT INTO order_items VALUES('35640b78-ff54-4ffa-9448-de5e95572e13','6c6c8719-df90-4c5f-b0bf-51c617542d02','4a9928b1-2d55-4f9a-818a-42e408ab06c5',1,60000);
INSERT INTO order_items VALUES('94fc49db-df74-4e53-aa9b-a32b42c47cd7','6c6c8719-df90-4c5f-b0bf-51c617542d02','88ac4ce5-fc57-4852-8501-97af6ad8dc11',1,15000);
INSERT INTO order_items VALUES('bed67878-3ecc-4825-a21e-0878bb0e09be','6c6c8719-df90-4c5f-b0bf-51c617542d02','38f4f998-ae3f-470a-820c-5532a0c1ead9',1,40000);
INSERT INTO order_items VALUES('efb57b04-8c09-4f72-b462-d6918d4f0acc','6c6c8719-df90-4c5f-b0bf-51c617542d02','21a99c44-102e-4d14-989a-5fa529f15f19',1,25000);
INSERT INTO order_items VALUES('eba0cad7-4f43-46e6-a3ff-bc5fd0e295a4','6c6c8719-df90-4c5f-b0bf-51c617542d02','cf156995-6fc8-409a-8b73-35d30dbe316d',1,40000);
INSERT INTO order_items VALUES('a5b35237-d601-46e0-aed8-9897fecea206','e89021a4-b531-48c6-b789-b96c1dec3dce','b09d304c-abea-4777-af0e-c228e123f02a',10,50000);
INSERT INTO order_items VALUES('6c5f7412-c947-4467-b16a-517ddefc1756','e89021a4-b531-48c6-b789-b96c1dec3dce','35aaa6e2-79aa-42fd-b93c-3054e7466910',1,165000);
INSERT INTO order_items VALUES('298682eb-ed9b-491b-ad4c-28095cd27d85','e89021a4-b531-48c6-b789-b96c1dec3dce','109f6b4e-a706-4334-ab86-5f20e3d29173',2,34000);
INSERT INTO order_items VALUES('034f13f8-1cc2-4447-88ad-af8f0d21eee7','e89021a4-b531-48c6-b789-b96c1dec3dce','9d89889d-1651-4f24-a8e8-8a30815e8ff3',3,34000);
INSERT INTO order_items VALUES('267534c7-2af3-486d-a45b-c90a9914abda','ae741cc2-82f1-4f09-a430-7275c6451471','b09d304c-abea-4777-af0e-c228e123f02a',8,50000);
INSERT INTO order_items VALUES('81fb8d9b-9a25-4f4e-9954-1f14c28f4f75','ae741cc2-82f1-4f09-a430-7275c6451471','cf156995-6fc8-409a-8b73-35d30dbe316d',2,40000);
INSERT INTO order_items VALUES('078a70ec-1e60-43d7-81ba-ddd070d7c899','ae741cc2-82f1-4f09-a430-7275c6451471','21a99c44-102e-4d14-989a-5fa529f15f19',1,25000);
INSERT INTO order_items VALUES('d417ea47-bac1-4159-b2ed-ebbcadc98684','339a8824-3327-4b4b-9e6b-37ae022895e2','b09d304c-abea-4777-af0e-c228e123f02a',8,50000);
INSERT INTO order_items VALUES('fa442e88-b20d-4de6-b014-fcb8a74ddf29','339a8824-3327-4b4b-9e6b-37ae022895e2','4a9928b1-2d55-4f9a-818a-42e408ab06c5',4,60000);
INSERT INTO order_items VALUES('9c71e7be-771f-4ca3-b674-272982ea4aef','339a8824-3327-4b4b-9e6b-37ae022895e2','b46d77fb-f999-4cf3-ae5e-8ecba3e8cbbe',5,34000);
INSERT INTO order_items VALUES('5440766b-201a-4429-958f-13ca618ceb02','264ce723-2064-40a5-a0b5-f25a49d98e99','b09d304c-abea-4777-af0e-c228e123f02a',8,50000);
INSERT INTO order_items VALUES('128487ce-a0db-4f8f-882f-c113a3b195b2','264ce723-2064-40a5-a0b5-f25a49d98e99','4a9928b1-2d55-4f9a-818a-42e408ab06c5',4,60000);
INSERT INTO order_items VALUES('f76df271-350b-4f89-ae5c-1c874e52bce2','264ce723-2064-40a5-a0b5-f25a49d98e99','35aaa6e2-79aa-42fd-b93c-3054e7466910',2,165000);
INSERT INTO order_items VALUES('7ebcf8e1-db60-4a10-868b-7e07c2c9c8c2','264ce723-2064-40a5-a0b5-f25a49d98e99','535a610a-a9e1-42a8-a752-0fc2fd9946d4',3,34000);
INSERT INTO order_items VALUES('f9a4bfca-3d5f-4d84-9baf-decc6417abbb','264ce723-2064-40a5-a0b5-f25a49d98e99','b46d77fb-f999-4cf3-ae5e-8ecba3e8cbbe',3,34000);
INSERT INTO order_items VALUES('64d2ee6b-08c2-4fe1-964a-9006d203fcc5','264ce723-2064-40a5-a0b5-f25a49d98e99','e36d4546-f1bc-49bb-8876-dfb73bbe3038',1,115000);
INSERT INTO order_items VALUES('719c562f-cf7f-42b9-9c86-a623973c91a8','835921e1-4aa3-4966-a3a1-6680515125d3','b09d304c-abea-4777-af0e-c228e123f02a',16,50000);
INSERT INTO order_items VALUES('25ee42ad-cc92-4572-83e5-f4209e1ccef1','7622a5b7-9f37-4988-adb8-2109cc3b6dae','e36d4546-f1bc-49bb-8876-dfb73bbe3038',1,115000);
INSERT INTO order_items VALUES('2fe88a72-def3-4e82-b473-94c60c614a73','933899b2-5588-4a79-8d23-44bbc5d6046c','cf156995-6fc8-409a-8b73-35d30dbe316d',1,40000);
INSERT INTO order_items VALUES('48cfc3b1-656b-49fc-8310-5ca8162c53f6','933899b2-5588-4a79-8d23-44bbc5d6046c','9d89889d-1651-4f24-a8e8-8a30815e8ff3',2,34000);
INSERT INTO order_items VALUES('27ff94df-594f-4a3b-a2c1-afa451cd3d9b','933899b2-5588-4a79-8d23-44bbc5d6046c','109f6b4e-a706-4334-ab86-5f20e3d29173',2,34000);
INSERT INTO order_items VALUES('177342ae-bc1f-4e57-87b1-4a722dc78f0a','933899b2-5588-4a79-8d23-44bbc5d6046c','b09d304c-abea-4777-af0e-c228e123f02a',6,50000);
INSERT INTO order_items VALUES('12241728-f067-4ee6-a96a-2efe6bee9b2c','933899b2-5588-4a79-8d23-44bbc5d6046c','f8bb230d-0d66-4832-b3de-861976c8e208',1,15000);
INSERT INTO order_items VALUES('b7790970-d854-4dc8-879b-4cf26305b858','933899b2-5588-4a79-8d23-44bbc5d6046c','39d57a1c-26e6-4613-9fb4-3dd6c67e6bca',1,35000);
INSERT INTO order_items VALUES('38e59081-682b-497e-a9a8-22ec3c59a449','933899b2-5588-4a79-8d23-44bbc5d6046c','452c1f2e-91f8-4cf5-b6d4-5743f5ad3918',1,20000);
INSERT INTO order_items VALUES('9e512c84-a1ba-487a-a1fb-fb2aed6d0870','3514cc90-5000-4ff6-8b20-cee9ca7a22f3','652df214-5770-46fd-9bd4-0fa178626bb6',1,85000);
INSERT INTO order_items VALUES('ae8b147f-d5bf-457f-a176-46617da18353','3514cc90-5000-4ff6-8b20-cee9ca7a22f3','21a99c44-102e-4d14-989a-5fa529f15f19',1,25000);
INSERT INTO order_items VALUES('c9bdf366-0faa-4b5d-8bf4-072026cbacac','3514cc90-5000-4ff6-8b20-cee9ca7a22f3','5ea5f99b-c203-40cf-b916-78ad24dee56b',1,15000);
INSERT INTO order_items VALUES('6b47651c-3096-4de2-9761-17ef1019bf8e','3514cc90-5000-4ff6-8b20-cee9ca7a22f3','0f1379c5-2f57-4fe1-befa-e45bede3a726',1,15000);
INSERT INTO order_items VALUES('e7e73ab2-f181-44e9-a1c8-59e68966b64b','3514cc90-5000-4ff6-8b20-cee9ca7a22f3','06b0ecf4-adac-41fc-8a90-c200ec6eb809',1,100000);
INSERT INTO order_items VALUES('14576db6-6756-49bd-8959-84ead84aeb42','4199ff03-a20e-4f23-b402-f5d92e94da78','cf156995-6fc8-409a-8b73-35d30dbe316d',1,40000);
INSERT INTO order_items VALUES('0eb451bc-6f8e-4bc2-b9a6-afac7503d452','4199ff03-a20e-4f23-b402-f5d92e94da78','b09d304c-abea-4777-af0e-c228e123f02a',6,50000);
INSERT INTO order_items VALUES('15086674-ee1d-4ac5-b333-288978d88428','4199ff03-a20e-4f23-b402-f5d92e94da78','f8bb230d-0d66-4832-b3de-861976c8e208',1,15000);
INSERT INTO order_items VALUES('462759b0-dc88-4cb2-b818-9940f57c6261','4199ff03-a20e-4f23-b402-f5d92e94da78','5049ce56-14c6-4eba-ac9a-bf9334722708',1,7500);
INSERT INTO order_items VALUES('1d1ee89c-02aa-479a-bd50-61d19a108bf1','34d45744-b607-41b7-a3b5-db3e0f6e3d26','b09d304c-abea-4777-af0e-c228e123f02a',10,50000);
INSERT INTO order_items VALUES('2e6391ab-6dbd-4290-a230-51a2d614b298','34d45744-b607-41b7-a3b5-db3e0f6e3d26','35aaa6e2-79aa-42fd-b93c-3054e7466910',1,165000);
INSERT INTO order_items VALUES('8a1a71ff-2a27-4aa8-86e0-cbbd369023b7','34d45744-b607-41b7-a3b5-db3e0f6e3d26','b46d77fb-f999-4cf3-ae5e-8ecba3e8cbbe',4,34000);
INSERT INTO order_items VALUES('b604a1ea-fc0d-4531-8679-e85f6f90b400','34d45744-b607-41b7-a3b5-db3e0f6e3d26','9d89889d-1651-4f24-a8e8-8a30815e8ff3',4,34000);
INSERT INTO order_items VALUES('43e26e98-a22b-475d-aa2f-e48596f2b9be','34d45744-b607-41b7-a3b5-db3e0f6e3d26','109f6b4e-a706-4334-ab86-5f20e3d29173',3,34000);
INSERT INTO order_items VALUES('261fbfbe-7add-4a59-bc4a-d299d58b9435','e4b6cdcd-919c-4557-8570-5e26a0769855','b09d304c-abea-4777-af0e-c228e123f02a',4,50000);
INSERT INTO order_items VALUES('454bca70-6865-4768-ae5c-89a46820c967','e4b6cdcd-919c-4557-8570-5e26a0769855','4a9928b1-2d55-4f9a-818a-42e408ab06c5',1,60000);
INSERT INTO order_items VALUES('b9be1033-e166-47a8-bea0-87d09eb237bc','e4b6cdcd-919c-4557-8570-5e26a0769855','06b0ecf4-adac-41fc-8a90-c200ec6eb809',1,100000);
INSERT INTO order_items VALUES('eb7db17a-664d-4aa6-b4f4-f10ae8ce70bc','971698ba-70ba-4008-9e32-b7d53f4ef483','b09d304c-abea-4777-af0e-c228e123f02a',8,50000);
INSERT INTO order_items VALUES('1fe14bb0-f217-412e-867d-f9b54dea5060','971698ba-70ba-4008-9e32-b7d53f4ef483','35aaa6e2-79aa-42fd-b93c-3054e7466910',3,165000);
INSERT INTO order_items VALUES('ea6de480-396a-4982-a74a-88911baf702f','971698ba-70ba-4008-9e32-b7d53f4ef483','06b0ecf4-adac-41fc-8a90-c200ec6eb809',2,100000);
INSERT INTO order_items VALUES('818d9abf-ead7-4d07-bce1-1d8e7c489c80','971698ba-70ba-4008-9e32-b7d53f4ef483','b46d77fb-f999-4cf3-ae5e-8ecba3e8cbbe',6,34000);
INSERT INTO order_items VALUES('e3011011-81ea-44d4-86a6-c61117ba70e1','971698ba-70ba-4008-9e32-b7d53f4ef483','109f6b4e-a706-4334-ab86-5f20e3d29173',2,34000);
INSERT INTO order_items VALUES('a36d28f7-4a4b-4401-9ba4-03abb6f834c5','971698ba-70ba-4008-9e32-b7d53f4ef483','9d89889d-1651-4f24-a8e8-8a30815e8ff3',4,34000);
INSERT INTO order_items VALUES('d287fe52-f89a-408b-9f9f-25c0affec5a2','971698ba-70ba-4008-9e32-b7d53f4ef483','cf156995-6fc8-409a-8b73-35d30dbe316d',1,40000);
INSERT INTO order_items VALUES('b334b438-448d-4d6f-9157-d30fd3cdbb40','4f04aecb-3992-42b7-82da-8dadbb315ec0','06b0ecf4-adac-41fc-8a90-c200ec6eb809',1,100000);
INSERT INTO order_items VALUES('2b5d02e7-6675-446e-a0e3-a213c69d5b58','4f04aecb-3992-42b7-82da-8dadbb315ec0','5049ce56-14c6-4eba-ac9a-bf9334722708',1,7500);
INSERT INTO order_items VALUES('cf95a694-a6d5-43fa-aaaa-b85b2d65eea7','4f04aecb-3992-42b7-82da-8dadbb315ec0','01da9c35-555f-4317-8148-4ceba600fd49',1,6000);
INSERT INTO order_items VALUES('ad228037-8578-4e6d-ad6f-195f0862e529','4f04aecb-3992-42b7-82da-8dadbb315ec0','09266a1c-910e-49fe-9797-e9f6af249d10',1,6000);
INSERT INTO order_items VALUES('403c0ff8-1602-47d5-980d-532a0e5811c9','4f04aecb-3992-42b7-82da-8dadbb315ec0','e6204da9-59b3-4c68-bd8e-025c746e5c4d',1,10000);
INSERT INTO order_items VALUES('05dbbc47-4eb9-4cc8-a089-e4dcb23fe9a4','4f04aecb-3992-42b7-82da-8dadbb315ec0','aad0a705-d03f-4d2f-9de5-672d239cdd3c',2,20000);
INSERT INTO order_items VALUES('2cf252a4-6678-46c2-bc34-00e3bf3411d9','a6b58fa2-4100-4948-a683-7db85df1ae44','38f4f998-ae3f-470a-820c-5532a0c1ead9',1,40000);
INSERT INTO order_items VALUES('cee64365-1f5e-41da-b737-8e98792263f8','a6b58fa2-4100-4948-a683-7db85df1ae44','ba06eef4-7aca-4f37-9484-401322ac4d44',1,30000);
INSERT INTO order_items VALUES('483703bf-58d4-45f7-9232-4a87fad66384','550c6937-a085-4659-a922-2d27c1123a29','b09d304c-abea-4777-af0e-c228e123f02a',5,50000);
INSERT INTO order_items VALUES('e38f96cb-dbe2-41b7-aaf7-6cff93e328e7','550c6937-a085-4659-a922-2d27c1123a29','35aaa6e2-79aa-42fd-b93c-3054e7466910',2,165000);
INSERT INTO order_items VALUES('181d8c5e-aaff-42c1-84d9-c5664b395610','550c6937-a085-4659-a922-2d27c1123a29','06b0ecf4-adac-41fc-8a90-c200ec6eb809',1,100000);
INSERT INTO order_items VALUES('20a91d77-946d-4524-9866-482c4e761d41','550c6937-a085-4659-a922-2d27c1123a29','21a99c44-102e-4d14-989a-5fa529f15f19',1,25000);
INSERT INTO order_items VALUES('4c050a19-8d19-48be-b389-aef5530958fd','23baec72-4ca3-455c-a260-0ac97516acc3','35aaa6e2-79aa-42fd-b93c-3054e7466910',2,165000);
INSERT INTO order_items VALUES('f9e9d463-3c72-4ea8-824d-d25fddb98617','23baec72-4ca3-455c-a260-0ac97516acc3','06b0ecf4-adac-41fc-8a90-c200ec6eb809',1,100000);
INSERT INTO order_items VALUES('81ad1ff2-ab71-4802-94d0-f0615c7d1346','23baec72-4ca3-455c-a260-0ac97516acc3','01da9c35-555f-4317-8148-4ceba600fd49',2,6000);
INSERT INTO order_items VALUES('c184a4d4-de2f-4600-8aeb-4b1c9e108947','23baec72-4ca3-455c-a260-0ac97516acc3','02d4b562-481b-4996-bc44-54f8b236004e',1,25000);
INSERT INTO order_items VALUES('7f16352d-77eb-4e29-a033-90e22ce2204c','8bb25941-5637-42ac-92c0-8265d33a024d','b09d304c-abea-4777-af0e-c228e123f02a',8,50000);
INSERT INTO order_items VALUES('d4063f36-5333-4612-b7c6-13794479839c','8bb25941-5637-42ac-92c0-8265d33a024d','10427ba2-f66f-4870-ba78-4a95c4e82be5',2,15000);
INSERT INTO order_items VALUES('b9cb8901-dd59-480b-8443-f32f13d68b1f','8bb25941-5637-42ac-92c0-8265d33a024d','35aaa6e2-79aa-42fd-b93c-3054e7466910',1,165000);
INSERT INTO order_items VALUES('10e040ec-02a0-4017-9b03-ab86a543c785','8bb25941-5637-42ac-92c0-8265d33a024d','aad0a705-d03f-4d2f-9de5-672d239cdd3c',1,20000);
INSERT INTO order_items VALUES('bd80eafd-770f-438c-b0c4-f795dc50781e','79226333-ff96-45b3-84b9-94e6ba3a1f6a','b09d304c-abea-4777-af0e-c228e123f02a',1,50000);
INSERT INTO order_items VALUES('6742e7da-f798-4c3a-9171-b885f547402a','79226333-ff96-45b3-84b9-94e6ba3a1f6a','ba06eef4-7aca-4f37-9484-401322ac4d44',1,30000);
INSERT INTO order_items VALUES('f7600531-e6de-4f6d-aed2-052e042cffbc','79226333-ff96-45b3-84b9-94e6ba3a1f6a','69b3f952-a3be-4441-934a-2ca1329302c5',1,25000);
INSERT INTO order_items VALUES('ea1f4556-0caa-4d3f-a7d6-b8037aa33fb5','9671b67a-a415-4fc9-9ae2-74ead3ea5129','b09d304c-abea-4777-af0e-c228e123f02a',4,50000);
INSERT INTO order_items VALUES('d54be9c5-c682-4b3c-9a1e-908b2196f0fe','9671b67a-a415-4fc9-9ae2-74ead3ea5129','ba06eef4-7aca-4f37-9484-401322ac4d44',1,30000);
INSERT INTO order_items VALUES('6a325d28-4849-490b-9891-7e9eeb3cdf65','9671b67a-a415-4fc9-9ae2-74ead3ea5129','69b3f952-a3be-4441-934a-2ca1329302c5',1,25000);
INSERT INTO order_items VALUES('12ae223f-b23c-474a-80d2-ebf43164be17','be224e78-4dc5-4c0e-9219-1346801df1bc','fb01cc49-5109-4557-a026-d660defd4ff2',5,42000);
INSERT INTO order_items VALUES('288ce8b3-c60a-47fc-bce1-9cdf8bd3f3cd','be224e78-4dc5-4c0e-9219-1346801df1bc','109f6b4e-a706-4334-ab86-5f20e3d29173',5,32000);
INSERT INTO order_items VALUES('4b986a38-38ec-48be-bc00-3bb0f9341845','35ce4e26-5838-4002-a6dd-586839e0cf5d','cf156995-6fc8-409a-8b73-35d30dbe316d',1,40000);
INSERT INTO order_items VALUES('8c082caf-3d5f-48b9-aca2-b16158634250','35ce4e26-5838-4002-a6dd-586839e0cf5d','b09d304c-abea-4777-af0e-c228e123f02a',6,50000);
INSERT INTO order_items VALUES('9c49d89f-0929-42cb-b169-8ddf63d1af87','35ce4e26-5838-4002-a6dd-586839e0cf5d','3d5cbc3c-dc55-46af-a200-a8a9c2080947',1,25000);
INSERT INTO order_items VALUES('1f65cd23-a7be-489b-913f-fcdef8b31be3','35ce4e26-5838-4002-a6dd-586839e0cf5d','5049ce56-14c6-4eba-ac9a-bf9334722708',1,7500);
INSERT INTO order_items VALUES('e9cd11b4-dddf-489c-9156-a0241913f811','ece77c10-2251-4aff-8389-dc0c58c63eca','10427ba2-f66f-4870-ba78-4a95c4e82be5',3,15000);
INSERT INTO order_items VALUES('e0f4b071-f9a0-4f3f-8c0f-add05a3090ef','ece77c10-2251-4aff-8389-dc0c58c63eca','fb01cc49-5109-4557-a026-d660defd4ff2',1,42000);
INSERT INTO order_items VALUES('b1287f61-04bf-487d-b086-75e7b07c4bf8','ece77c10-2251-4aff-8389-dc0c58c63eca','65ff8ec2-f9bd-4f9a-8b4a-187f44b6eed9',1,42000);
INSERT INTO order_items VALUES('b7feb19f-8496-4395-9ae3-6f4b14384230','661038c9-c0ae-4d59-aa69-138c5c7f91cf','b09d304c-abea-4777-af0e-c228e123f02a',4,35000);
INSERT INTO order_items VALUES('0cfafe3e-c723-4cc4-83d4-f129bc41c901','434e603d-63e6-45c6-871f-73f1b9aa1ec2','b09d304c-abea-4777-af0e-c228e123f02a',3,50000);
INSERT INTO order_items VALUES('8d4f10c5-ff3a-48b6-9510-1d60525644b1','434e603d-63e6-45c6-871f-73f1b9aa1ec2','4a9928b1-2d55-4f9a-818a-42e408ab06c5',1,60000);
INSERT INTO order_items VALUES('8e6a60b3-6772-4d84-b417-f5765c8ac082','434e603d-63e6-45c6-871f-73f1b9aa1ec2','e07382e3-06d7-4c43-825b-b3dd01ada969',1,20000);
INSERT INTO order_items VALUES('0762a797-641a-4f6b-8ab1-7cbbdbf3acc8','cf05424f-494a-43a3-a24c-d7974fdbba84','b09d304c-abea-4777-af0e-c228e123f02a',8,50000);
INSERT INTO order_items VALUES('2b92f6b1-b801-479d-a6d1-9c7684c10b51','b8e87f2c-8ab6-45ef-80fd-395e6e15c197','b09d304c-abea-4777-af0e-c228e123f02a',9,50000);
INSERT INTO order_items VALUES('59cd7bf7-02f0-4bcc-9251-59a3d28b16d3','b8e87f2c-8ab6-45ef-80fd-395e6e15c197','35aaa6e2-79aa-42fd-b93c-3054e7466910',1,165000);
INSERT INTO order_items VALUES('eaec4e90-1320-48da-a613-ef1a6df8e985','b8e87f2c-8ab6-45ef-80fd-395e6e15c197','109f6b4e-a706-4334-ab86-5f20e3d29173',3,34000);
INSERT INTO order_items VALUES('fb0cab24-b9bf-4f62-98de-5f5cb471baa6','b8e87f2c-8ab6-45ef-80fd-395e6e15c197','9d89889d-1651-4f24-a8e8-8a30815e8ff3',3,34000);
INSERT INTO order_items VALUES('36942c6a-eb3a-45af-8148-9661403416a4','b8e87f2c-8ab6-45ef-80fd-395e6e15c197','4a9928b1-2d55-4f9a-818a-42e408ab06c5',1,60000);
INSERT INTO order_items VALUES('c7ff8a81-dd4e-41bb-b57c-e8002e2569e6','b8e87f2c-8ab6-45ef-80fd-395e6e15c197','cf156995-6fc8-409a-8b73-35d30dbe316d',1,40000);
INSERT INTO order_items VALUES('a38f44a8-443b-4e63-a83e-95a10ecd8ead','1aa1f9a8-7ef4-4c3c-afea-8c1b6c7d0864','aad0a705-d03f-4d2f-9de5-672d239cdd3c',3,20000);
INSERT INTO order_items VALUES('e4a3995f-738a-44e8-a72d-125371b615b0','1aa1f9a8-7ef4-4c3c-afea-8c1b6c7d0864','c37a3120-94a7-4ab3-812d-3cffb2b858d1',1,20000);
INSERT INTO order_items VALUES('6ac36175-7981-49c0-88a5-b3d3f6983b66','b041976b-11c8-4d98-be07-1dfc9c71b50c','cf156995-6fc8-409a-8b73-35d30dbe316d',1,40000);
INSERT INTO order_items VALUES('495b1edb-df79-4281-b36f-32b514ecc897','b041976b-11c8-4d98-be07-1dfc9c71b50c','35aaa6e2-79aa-42fd-b93c-3054e7466910',1,165000);
INSERT INTO order_items VALUES('adb8124d-552a-47f5-b21d-9e5383cd3aeb','312dc8cf-ddbf-4629-b52d-3c0b1afad93e','b09d304c-abea-4777-af0e-c228e123f02a',4,50000);
INSERT INTO order_items VALUES('3b33e7fa-291a-4948-b549-31379ff138c9','312dc8cf-ddbf-4629-b52d-3c0b1afad93e','35aaa6e2-79aa-42fd-b93c-3054e7466910',1,165000);
INSERT INTO order_items VALUES('2323cce6-b76b-4861-9f29-6defb0f9df44','312dc8cf-ddbf-4629-b52d-3c0b1afad93e','ceea1617-d998-4014-9136-7ea15e31da3b',1,100000);
INSERT INTO order_items VALUES('ab6cf3fc-1d4f-4ec2-81a1-927a0cd1bea3','312dc8cf-ddbf-4629-b52d-3c0b1afad93e','109f6b4e-a706-4334-ab86-5f20e3d29173',3,34000);
INSERT INTO order_items VALUES('4e1b0078-8ad4-4b7c-bc5a-2e63334fb8be','312dc8cf-ddbf-4629-b52d-3c0b1afad93e','9d89889d-1651-4f24-a8e8-8a30815e8ff3',3,34000);
INSERT INTO order_items VALUES('2ff1a4a3-1314-4343-8951-a66f4a7e5567','f1fa81fd-969b-46fc-ae63-2a2493d8153a','b09d304c-abea-4777-af0e-c228e123f02a',4,50000);
INSERT INTO order_items VALUES('8fcb1496-d573-438c-9082-d9f4593f4154','f1fa81fd-969b-46fc-ae63-2a2493d8153a','35aaa6e2-79aa-42fd-b93c-3054e7466910',1,165000);
INSERT INTO order_items VALUES('080b3287-a35c-4181-8808-d1e82bfae099','f1fa81fd-969b-46fc-ae63-2a2493d8153a','ceea1617-d998-4014-9136-7ea15e31da3b',1,100000);
INSERT INTO order_items VALUES('e17387b0-7e7e-463c-ae3c-f929326be492','f1fa81fd-969b-46fc-ae63-2a2493d8153a','109f6b4e-a706-4334-ab86-5f20e3d29173',3,34000);
INSERT INTO order_items VALUES('fa8e9118-11b7-4d27-9839-70e591d4e51c','f1fa81fd-969b-46fc-ae63-2a2493d8153a','9d89889d-1651-4f24-a8e8-8a30815e8ff3',3,34000);
INSERT INTO order_items VALUES('6075e0ce-da30-4860-8028-81a4919c895c','12234309-814c-4a24-8930-cb73a6c39ec6','b09d304c-abea-4777-af0e-c228e123f02a',3,50000);
INSERT INTO order_items VALUES('47e71a43-3901-451d-8415-ae9a6c7a7208','12234309-814c-4a24-8930-cb73a6c39ec6','ceea1617-d998-4014-9136-7ea15e31da3b',1,100000);
INSERT INTO order_items VALUES('17cc5cb6-6f27-469a-9cff-c4465122dd36','12234309-814c-4a24-8930-cb73a6c39ec6','59130929-5904-4a4d-bee1-3fbdb7d9bec0',2,6000);
INSERT INTO order_items VALUES('82d284e5-61b2-4a9b-bed6-1e3ad2622157','12234309-814c-4a24-8930-cb73a6c39ec6','2db01f58-ac92-473e-aaa9-09614aac120e',1,15000);
INSERT INTO order_items VALUES('152b886d-aebf-4fa9-9405-2cb153acbdcf','ce20b2fe-3f62-48d7-b1b6-5d485b1d6cea','35aaa6e2-79aa-42fd-b93c-3054e7466910',2,165000);
INSERT INTO order_items VALUES('8764a2cb-3aaa-4b5b-ad2f-adb38555cf2e','a4d96cd0-632b-42c6-908c-25ea638b25b3','b09d304c-abea-4777-af0e-c228e123f02a',5,50000);
INSERT INTO order_items VALUES('f82312e3-1ab2-4aa8-a7f1-0d1119ce10ec','5385e2ce-e1f2-4817-8d20-7dc71e7efd53','b09d304c-abea-4777-af0e-c228e123f02a',6,50000);
INSERT INTO order_items VALUES('d379f00f-bfb7-495a-9f43-cec03e2a84e0','a8b12373-94c9-407c-80b6-ac2ee892c2e7','b09d304c-abea-4777-af0e-c228e123f02a',9,50000);
INSERT INTO order_items VALUES('38ec5155-252e-465b-8e42-235fad5bba73','a8b12373-94c9-407c-80b6-ac2ee892c2e7','5049ce56-14c6-4eba-ac9a-bf9334722708',1,7500);
INSERT INTO order_items VALUES('a2976423-11d0-4e6d-b2a8-243c08922344','a8b12373-94c9-407c-80b6-ac2ee892c2e7','06b0ecf4-adac-41fc-8a90-c200ec6eb809',1,100000);
INSERT INTO order_items VALUES('deb655e8-e13e-42c9-9afe-fcce1f78784a','5afd957e-49c7-44d4-96f1-012b3b49c0ab','b09d304c-abea-4777-af0e-c228e123f02a',3,50000);
INSERT INTO order_items VALUES('5e5323fa-f347-4b55-934d-04eb9554e591','5afd957e-49c7-44d4-96f1-012b3b49c0ab','5049ce56-14c6-4eba-ac9a-bf9334722708',1,7500);
INSERT INTO order_items VALUES('80eaf0e7-968e-492c-8c34-6531b779f62d','5afd957e-49c7-44d4-96f1-012b3b49c0ab','936cf303-5467-4331-84b3-280fc8d40177',1,35000);
INSERT INTO order_items VALUES('b4623103-1ad5-4dc1-a476-f9d781f3da70','5b869fd1-13e5-41c5-9472-28b0867d4807','2db01f58-ac92-473e-aaa9-09614aac120e',2,15000);
INSERT INTO order_items VALUES('11403db0-3382-446b-825e-46743088a09e','12802c07-7166-4b0c-ad58-a2233ba2798b','b09d304c-abea-4777-af0e-c228e123f02a',4,50000);
INSERT INTO order_items VALUES('aa2c43dc-7d37-4ebc-be15-6445c18aa5df','12802c07-7166-4b0c-ad58-a2233ba2798b','35aaa6e2-79aa-42fd-b93c-3054e7466910',1,165000);
INSERT INTO order_items VALUES('beaec380-f383-451b-aaef-206835f20829','12802c07-7166-4b0c-ad58-a2233ba2798b','10427ba2-f66f-4870-ba78-4a95c4e82be5',2,15000);
INSERT INTO order_items VALUES('3cc645d5-30c2-4d48-ab8a-6f029ff993aa','12802c07-7166-4b0c-ad58-a2233ba2798b','cf156995-6fc8-409a-8b73-35d30dbe316d',1,40000);
INSERT INTO order_items VALUES('30156a21-e05c-4b5c-8861-d41004f9a032','12802c07-7166-4b0c-ad58-a2233ba2798b','38f4f998-ae3f-470a-820c-5532a0c1ead9',1,40000);
INSERT INTO order_items VALUES('c8a103e3-51b2-450f-8c09-42c852744f56','fda8a1c5-d72d-4f53-a45c-a807d61c6465','024c9a0d-56f2-45b4-96aa-9448e2b62deb',1,10000);
INSERT INTO order_items VALUES('64b30705-75be-4a4a-a607-8cc23eaa4b70','fda8a1c5-d72d-4f53-a45c-a807d61c6465','59130929-5904-4a4d-bee1-3fbdb7d9bec0',2,6000);
INSERT INTO order_items VALUES('2f26fe21-ed8d-414a-b2b4-b61bc112d947','fda8a1c5-d72d-4f53-a45c-a807d61c6465','2db01f58-ac92-473e-aaa9-09614aac120e',1,15000);
INSERT INTO order_items VALUES('4234a672-3456-4324-83aa-37896a32aadc','ff1c415b-6372-411a-a11c-13a88b541f7d','b09d304c-abea-4777-af0e-c228e123f02a',6,50000);
INSERT INTO order_items VALUES('5da3bcaf-0b09-4eec-b3aa-c68ecd1d3c90','5ed7b724-166f-45d5-b292-64b1c8ff92b0','b09d304c-abea-4777-af0e-c228e123f02a',6,50000);
INSERT INTO order_items VALUES('602fc589-03cc-4fa3-b434-62e5f449112e','5ed7b724-166f-45d5-b292-64b1c8ff92b0','cf156995-6fc8-409a-8b73-35d30dbe316d',1,40000);
INSERT INTO order_items VALUES('65bbab51-bba8-434d-8dae-81c5d01581ec','7520c466-ecd6-4fef-b626-43dded0315d1','b09d304c-abea-4777-af0e-c228e123f02a',6,50000);
INSERT INTO order_items VALUES('bad389bb-f124-476c-889a-791fc106d355','7520c466-ecd6-4fef-b626-43dded0315d1','2db01f58-ac92-473e-aaa9-09614aac120e',2,15000);
INSERT INTO order_items VALUES('58561d73-b2be-4a4a-961f-ededee240832','d15cb9af-131a-4e93-90f0-bf7c0840e6e5','4a9928b1-2d55-4f9a-818a-42e408ab06c5',2,60000);
INSERT INTO order_items VALUES('9c1599c9-8758-4afe-8683-27f0f2a7147c','d15cb9af-131a-4e93-90f0-bf7c0840e6e5','b09d304c-abea-4777-af0e-c228e123f02a',3,50000);
INSERT INTO order_items VALUES('16f88971-8745-4b7f-97c3-b0ea1d526ceb','d15cb9af-131a-4e93-90f0-bf7c0840e6e5','35aaa6e2-79aa-42fd-b93c-3054e7466910',1,165000);
INSERT INTO order_items VALUES('203f82de-6781-4fe5-b9c0-929b0fe52b7b','d15cb9af-131a-4e93-90f0-bf7c0840e6e5','109f6b4e-a706-4334-ab86-5f20e3d29173',1,34000);
INSERT INTO order_items VALUES('faaf78ed-d0f3-4087-bb3b-4237343db975','05a375a8-d2b2-448c-b41c-fb52be57c58b','535a610a-a9e1-42a8-a752-0fc2fd9946d4',1,32000);
INSERT INTO order_items VALUES('6471bbf4-2750-4672-8328-fcf0327338d6','05a375a8-d2b2-448c-b41c-fb52be57c58b','b46d77fb-f999-4cf3-ae5e-8ecba3e8cbbe',4,32000);
INSERT INTO order_items VALUES('431d47f8-5472-4d18-b208-6f9f47426d0e','05a375a8-d2b2-448c-b41c-fb52be57c58b','9d89889d-1651-4f24-a8e8-8a30815e8ff3',4,32000);
INSERT INTO order_items VALUES('fe4c507f-dee5-4b64-b046-2b7f0cbc4ce9','05a375a8-d2b2-448c-b41c-fb52be57c58b','109f6b4e-a706-4334-ab86-5f20e3d29173',3,32000);
INSERT INTO order_items VALUES('b376259e-c2b3-4718-823d-82d6586d25e1','05a375a8-d2b2-448c-b41c-fb52be57c58b','03a9d97a-58c4-4112-ab97-f451c6206f43',4,8000);
INSERT INTO order_items VALUES('bd8a6cb4-82c6-4d1c-bf97-1646fd55c3c6','05a375a8-d2b2-448c-b41c-fb52be57c58b','35aaa6e2-79aa-42fd-b93c-3054e7466910',2,155000);
INSERT INTO order_items VALUES('06380830-157f-4c9f-8f15-3bf8097a049e','05a375a8-d2b2-448c-b41c-fb52be57c58b','7d0dc214-4342-4c80-ba63-78fef6140576',1,135000);
INSERT INTO order_items VALUES('27c39c2b-de2a-4281-b3bd-a09dd11c13c7','05a375a8-d2b2-448c-b41c-fb52be57c58b','3d5cbc3c-dc55-46af-a200-a8a9c2080947',1,25000);
INSERT INTO order_items VALUES('9bf337a9-4ba4-4d76-84e1-e57fc333d0a5','e5d40403-d565-4869-88e7-ea079f076feb','b09d304c-abea-4777-af0e-c228e123f02a',4,50000);
INSERT INTO order_items VALUES('1a44f729-c1c7-4620-8689-d4a694f29bd8','5fd3fd66-f2be-4a4e-aa5f-1ac333b2c1c3','35aaa6e2-79aa-42fd-b93c-3054e7466910',1,155000);
INSERT INTO order_items VALUES('b49df7b3-a195-4d14-bc8c-9252d9f57165','0db98075-54f4-497b-a52a-788116e2cd6b','3d616106-7720-40d7-8b42-e5e82ffbb70b',1,280000);
INSERT INTO order_items VALUES('56f94a11-d696-4e3b-8466-34200ef36e70','001021e3-a5ec-4009-a80c-9670d8c399a7','375a1926-ed27-4f2c-856c-3659393e6a47',1,155000);
INSERT INTO order_items VALUES('92ea1e66-1511-439e-b435-4c5152cb4f63','001021e3-a5ec-4009-a80c-9670d8c399a7','e928cf75-2a39-44be-a285-adf78b6ef291',2,15000);
INSERT INTO order_items VALUES('7a31e9e7-8bd4-4f0f-8242-041788983dd2','001021e3-a5ec-4009-a80c-9670d8c399a7','b09d304c-abea-4777-af0e-c228e123f02a',1,35000);
INSERT INTO order_items VALUES('aaf17b0c-f8cd-4a4e-8e9c-af070d9d341f','001021e3-a5ec-4009-a80c-9670d8c399a7','535a610a-a9e1-42a8-a752-0fc2fd9946d4',2,32000);
INSERT INTO order_items VALUES('1f2b827f-d495-4671-add2-1ad423200a57','001021e3-a5ec-4009-a80c-9670d8c399a7','b46d77fb-f999-4cf3-ae5e-8ecba3e8cbbe',3,32000);
INSERT INTO order_items VALUES('ee5d46d8-7176-4f09-9e69-4f00325037be','001021e3-a5ec-4009-a80c-9670d8c399a7','9d89889d-1651-4f24-a8e8-8a30815e8ff3',3,32000);
INSERT INTO order_items VALUES('291d7a7e-d2d4-4796-890f-1b4d4f1d0f4f','001021e3-a5ec-4009-a80c-9670d8c399a7','e9a78e9b-92d6-45bf-ae60-76fac9ba6f93',1,40000);
INSERT INTO order_items VALUES('cf3a9c60-ea3c-45b1-baaa-9d7291a42eb1','cac58aa5-67c6-45a8-a803-ed33dcd567e6','375a1926-ed27-4f2c-856c-3659393e6a47',2,155000);
INSERT INTO order_items VALUES('90df3507-2b83-4e58-b172-c84441bbc47e','cac58aa5-67c6-45a8-a803-ed33dcd567e6','e9a78e9b-92d6-45bf-ae60-76fac9ba6f93',1,40000);
INSERT INTO order_items VALUES('d117b5ed-bdfe-4d48-bd78-a79d5847e4c4','cac58aa5-67c6-45a8-a803-ed33dcd567e6','535a610a-a9e1-42a8-a752-0fc2fd9946d4',3,32000);
INSERT INTO order_items VALUES('45a9c905-8474-42ba-babb-40a4987fd697','cac58aa5-67c6-45a8-a803-ed33dcd567e6','b46d77fb-f999-4cf3-ae5e-8ecba3e8cbbe',8,32000);
INSERT INTO order_items VALUES('5000b056-1fd7-4dd4-99ed-08adc1477926','cac58aa5-67c6-45a8-a803-ed33dcd567e6','9d89889d-1651-4f24-a8e8-8a30815e8ff3',8,32000);
INSERT INTO order_items VALUES('f21bcd89-7ff6-45f6-b100-f98969cdd0f4','cac58aa5-67c6-45a8-a803-ed33dcd567e6','109f6b4e-a706-4334-ab86-5f20e3d29173',8,32000);
INSERT INTO order_items VALUES('91c5c621-5c23-4410-a12d-d29ac08b6230','cac58aa5-67c6-45a8-a803-ed33dcd567e6','fb01cc49-5109-4557-a026-d660defd4ff2',1,42000);
INSERT INTO order_items VALUES('04b14050-36c0-415a-a1f9-d542d4e7b40d','cac58aa5-67c6-45a8-a803-ed33dcd567e6','10427ba2-f66f-4870-ba78-4a95c4e82be5',2,15000);
INSERT INTO order_items VALUES('3c1fbc91-379b-45c8-828c-cfb2999a657d','d96017e3-36dd-4818-9516-7f8c9a91c493','9d89889d-1651-4f24-a8e8-8a30815e8ff3',3,32000);
INSERT INTO order_items VALUES('e738105c-0c2e-4352-a34a-a8b8e0ac2e64','616b76de-05f6-454c-b123-b50d2f11036b','535a610a-a9e1-42a8-a752-0fc2fd9946d4',2,32000);
INSERT INTO order_items VALUES('b3279a1e-5588-4358-9d5e-fe398e9d44c5','616b76de-05f6-454c-b123-b50d2f11036b','b46d77fb-f999-4cf3-ae5e-8ecba3e8cbbe',3,32000);
INSERT INTO order_items VALUES('18e793ab-65e1-4692-9a81-a6d05be48e04','616b76de-05f6-454c-b123-b50d2f11036b','9d89889d-1651-4f24-a8e8-8a30815e8ff3',4,32000);
INSERT INTO order_items VALUES('703ed74f-d9bb-4711-979a-0f6aa722af5c','616b76de-05f6-454c-b123-b50d2f11036b','10427ba2-f66f-4870-ba78-4a95c4e82be5',3,15000);
INSERT INTO order_items VALUES('4a056dd6-dd2c-4ad8-9797-2b5785e1f1d9','616b76de-05f6-454c-b123-b50d2f11036b','4a9928b1-2d55-4f9a-818a-42e408ab06c5',1,55000);
INSERT INTO order_items VALUES('f0985e67-2940-4a92-a995-578e0d19980f','616b76de-05f6-454c-b123-b50d2f11036b','b09d304c-abea-4777-af0e-c228e123f02a',1,35000);
INSERT INTO order_items VALUES('422badde-9cfe-4851-970b-471b932922d7','616b76de-05f6-454c-b123-b50d2f11036b','109f6b4e-a706-4334-ab86-5f20e3d29173',4,32000);
INSERT INTO order_items VALUES('c59ab8f2-61f6-4893-bc02-580b33147b97','4f41b245-d9bd-4459-b603-7513876c6f2c','02240f3f-2fdb-4ebf-b186-95e089f40823',1,155000);
INSERT INTO order_items VALUES('b00a9d3f-d1c8-47ae-876a-8eee55de6771','4f41b245-d9bd-4459-b603-7513876c6f2c','535a610a-a9e1-42a8-a752-0fc2fd9946d4',1,32000);
INSERT INTO order_items VALUES('7d27e671-a9d3-4db4-b70c-c2eb8df383e8','4f41b245-d9bd-4459-b603-7513876c6f2c','b46d77fb-f999-4cf3-ae5e-8ecba3e8cbbe',2,32000);
INSERT INTO order_items VALUES('1b5717bf-0453-4031-a47f-d790ad4064db','4f41b245-d9bd-4459-b603-7513876c6f2c','9d89889d-1651-4f24-a8e8-8a30815e8ff3',2,32000);
INSERT INTO order_items VALUES('5220363a-2d74-4dbb-8a57-7d3e50f57871','4f41b245-d9bd-4459-b603-7513876c6f2c','109f6b4e-a706-4334-ab86-5f20e3d29173',2,32000);
INSERT INTO order_items VALUES('d4fdc7cf-814b-4509-ba60-798cfb6c85d3','4e1bcda7-39bd-4557-a30e-2f5415b7506c','33fd5815-8299-4be1-a6fd-e5513c208c62',1,260000);
INSERT INTO order_items VALUES('d4439137-ec90-4efc-86be-aea2b9db28bc','d6fb18b1-68c5-46a2-92ba-f348cff1fd32','e36d4546-f1bc-49bb-8876-dfb73bbe3038',2,115000);
INSERT INTO order_items VALUES('26b8f0b6-f1b4-475d-a609-ecebbb7d0abe','fc71a88c-ce65-4f39-a268-7eeaa87614aa','b09d304c-abea-4777-af0e-c228e123f02a',6,50000);
INSERT INTO order_items VALUES('6d21f940-e0a9-4ad5-ba46-c2440ae8e771','7083cd02-fde5-4752-b2aa-4233a9bdfef5','b09d304c-abea-4777-af0e-c228e123f02a',4,50000);
INSERT INTO order_items VALUES('f5b8ac38-b3c9-4d8c-b949-8a2c124ad460','7083cd02-fde5-4752-b2aa-4233a9bdfef5','4a9928b1-2d55-4f9a-818a-42e408ab06c5',3,60000);
INSERT INTO order_items VALUES('b041cee4-7865-40c9-b477-b5b44a7b272c','f5e8e434-cebd-4d61-9dc0-08a4735c9255','9d89889d-1651-4f24-a8e8-8a30815e8ff3',3,32000);
INSERT INTO order_items VALUES('512382fc-8836-4694-a086-a3bf1ca825c1','b37145b7-d631-43f9-bbbd-4ab294143855','535a610a-a9e1-42a8-a752-0fc2fd9946d4',2,32000);
INSERT INTO order_items VALUES('6ec3b9a2-47a0-4156-ac34-b5dad986823d','b37145b7-d631-43f9-bbbd-4ab294143855','b46d77fb-f999-4cf3-ae5e-8ecba3e8cbbe',3,32000);
INSERT INTO order_items VALUES('3ca03f3a-779d-49b3-8a13-5e0b88d26f63','b37145b7-d631-43f9-bbbd-4ab294143855','9d89889d-1651-4f24-a8e8-8a30815e8ff3',4,32000);
INSERT INTO order_items VALUES('d923a5c8-c5bd-4906-9346-45879dab7b86','b37145b7-d631-43f9-bbbd-4ab294143855','109f6b4e-a706-4334-ab86-5f20e3d29173',4,32000);
INSERT INTO order_items VALUES('fcc4c282-7618-4ea6-ada1-7c3bf385638b','b37145b7-d631-43f9-bbbd-4ab294143855','10427ba2-f66f-4870-ba78-4a95c4e82be5',3,15000);
INSERT INTO order_items VALUES('8677d6b4-a024-4393-b7c6-94b09be1b878','b37145b7-d631-43f9-bbbd-4ab294143855','4a9928b1-2d55-4f9a-818a-42e408ab06c5',1,55000);
INSERT INTO order_items VALUES('6a10885b-3f4e-4059-b324-c444ae1e2a12','b37145b7-d631-43f9-bbbd-4ab294143855','35aaa6e2-79aa-42fd-b93c-3054e7466910',1,155000);
INSERT INTO order_items VALUES('5e5c28b4-c137-42f9-9cdf-a2d13b3e90c7','15261c1c-6f30-4f8e-9a60-f584d9cf7f8e','9d89889d-1651-4f24-a8e8-8a30815e8ff3',3,32000);
INSERT INTO order_items VALUES('7a142e88-c55e-4036-8201-6919d73e64fd','f5ea25d6-65ff-46fb-84f9-5b6da2aae74f','2cba2b39-6809-483a-bb64-4ba916c686d1',3,75000);
INSERT INTO order_items VALUES('2d89e550-97db-44c3-b583-eea745380520','99d542bd-d498-4e8f-9d53-6e2d354a1523','2cba2b39-6809-483a-bb64-4ba916c686d1',3,75000);
INSERT INTO order_items VALUES('fa22918b-588a-463c-b187-26b248f3372c','33ddb7b8-5b86-4a7c-8f3b-4f44c5c55aac','b09d304c-abea-4777-af0e-c228e123f02a',4,50000);
INSERT INTO order_items VALUES('519e58e4-b0bc-4ad0-82bf-154c3092baaa','33ddb7b8-5b86-4a7c-8f3b-4f44c5c55aac','73fc07e7-f26d-4f6c-9f29-abb460366251',1,450000);
INSERT INTO order_items VALUES('cd1d033c-beb3-4f1b-9ed3-bd9bb1d1ea8e','0fff163f-a3c7-4678-8acb-fad011ee460d','33fd5815-8299-4be1-a6fd-e5513c208c62',1,260000);
INSERT INTO order_items VALUES('6fbfe42f-9c93-4f40-bbb7-fd4ecd39ce15','ec0cd657-7b4e-4cac-adce-634c87ac8952','b09d304c-abea-4777-af0e-c228e123f02a',2,35000);
INSERT INTO order_items VALUES('bbd5fcc7-d536-436a-878c-0731b97dcf8a','825968a3-c990-47af-b067-2c5bf41e4682','35aaa6e2-79aa-42fd-b93c-3054e7466910',1,155000);
INSERT INTO order_items VALUES('2bd472e9-9fe1-44a9-8658-684f84f02c0d','825968a3-c990-47af-b067-2c5bf41e4682','cf156995-6fc8-409a-8b73-35d30dbe316d',1,40000);
INSERT INTO order_items VALUES('bc99fe64-54e7-4a8f-be61-ff81b0a7e4f9','825968a3-c990-47af-b067-2c5bf41e4682','b09d304c-abea-4777-af0e-c228e123f02a',1,35000);
INSERT INTO order_items VALUES('b4df0e94-f639-4567-8b45-f63959b2a225','cd5371d7-14bb-496e-a56b-4411cf5b324e','7d0dc214-4342-4c80-ba63-78fef6140576',1,135000);
INSERT INTO order_items VALUES('98f3d73d-9850-4994-8227-6b52d4be0ebf','cd5371d7-14bb-496e-a56b-4411cf5b324e','535a610a-a9e1-42a8-a752-0fc2fd9946d4',3,32000);
INSERT INTO order_items VALUES('d4595e99-b4bf-4c58-a6d4-f2ccaca94b56','cd5371d7-14bb-496e-a56b-4411cf5b324e','b46d77fb-f999-4cf3-ae5e-8ecba3e8cbbe',3,32000);
INSERT INTO order_items VALUES('0c4f9208-b2d9-4254-b97d-102f4421bbcd','cd5371d7-14bb-496e-a56b-4411cf5b324e','9d89889d-1651-4f24-a8e8-8a30815e8ff3',3,32000);
INSERT INTO order_items VALUES('de9b10e7-5a04-4c42-ac8c-9a20a791b96a','27dbc25f-0938-4bc3-b599-31d6c81de27f','2cba2b39-6809-483a-bb64-4ba916c686d1',3,75000);
INSERT INTO order_items VALUES('a9ec36b8-85ad-48f2-8bb3-48eb2d1bf5f2','c053d6fa-2de6-4394-8bf8-11168a865149','35aaa6e2-79aa-42fd-b93c-3054e7466910',1,155000);
INSERT INTO order_items VALUES('29e5a0cc-07e2-4bf8-92de-1a5d630fbd4c','5f64271c-2292-4b6e-8eed-b98b19e76fcb','535a610a-a9e1-42a8-a752-0fc2fd9946d4',2,32000);
INSERT INTO order_items VALUES('9609e51f-52b6-4ae5-905f-5b2b8344b465','5f64271c-2292-4b6e-8eed-b98b19e76fcb','b46d77fb-f999-4cf3-ae5e-8ecba3e8cbbe',2,32000);
INSERT INTO order_items VALUES('e9cc6be7-06a7-4bdb-8b4b-28f78c075892','5f64271c-2292-4b6e-8eed-b98b19e76fcb','9d89889d-1651-4f24-a8e8-8a30815e8ff3',2,32000);
INSERT INTO order_items VALUES('be90b4e2-28f9-4150-bf0f-396cd33aa24f','5f64271c-2292-4b6e-8eed-b98b19e76fcb','35aaa6e2-79aa-42fd-b93c-3054e7466910',1,155000);
INSERT INTO order_items VALUES('61505e66-5450-49ad-bfd4-3fd1272c3e25','5f64271c-2292-4b6e-8eed-b98b19e76fcb','e928cf75-2a39-44be-a285-adf78b6ef291',2,15000);
INSERT INTO order_items VALUES('42a405fa-2a6f-4d52-8cd0-3f4885130fef','12d057fd-7a25-44ed-ab00-f7ea381fa50e','2cba2b39-6809-483a-bb64-4ba916c686d1',3,75000);
INSERT INTO order_items VALUES('70bfd0a5-7b37-42c0-b2fc-d42c7c9c8abf','77ce5f7b-f691-426e-a92e-ee1cae775726','38f4f998-ae3f-470a-820c-5532a0c1ead9',1,40000);
INSERT INTO order_items VALUES('4fbb777f-bed7-4982-a872-ad7f64004a72','12e011c6-0823-4194-8026-55b4c2e594da','35aaa6e2-79aa-42fd-b93c-3054e7466910',2,155000);
INSERT INTO order_items VALUES('9a3e8a9f-25da-4cbe-8f34-ac8cffd717ee','12e011c6-0823-4194-8026-55b4c2e594da','b09d304c-abea-4777-af0e-c228e123f02a',2,35000);
INSERT INTO order_items VALUES('1cab828c-7b1e-46ce-9182-6d5b533edb0c','9a8adc6a-5c01-41c1-a48d-b7a7458e69d3','b09d304c-abea-4777-af0e-c228e123f02a',1,35000);
INSERT INTO order_items VALUES('556357a0-9e5a-44ac-9cb3-1a672463b00e','9a8adc6a-5c01-41c1-a48d-b7a7458e69d3','35aaa6e2-79aa-42fd-b93c-3054e7466910',1,155000);
INSERT INTO order_items VALUES('82e18a31-529a-429a-a898-0785c92628cb','9a8adc6a-5c01-41c1-a48d-b7a7458e69d3','b46d77fb-f999-4cf3-ae5e-8ecba3e8cbbe',2,32000);
INSERT INTO order_items VALUES('63d71015-cca0-4928-830c-f1467d71fb79','9a8adc6a-5c01-41c1-a48d-b7a7458e69d3','9d89889d-1651-4f24-a8e8-8a30815e8ff3',2,32000);
INSERT INTO order_items VALUES('1641ba5a-1994-41ad-923c-e3a7013a6ed4','9a8adc6a-5c01-41c1-a48d-b7a7458e69d3','109f6b4e-a706-4334-ab86-5f20e3d29173',2,32000);
INSERT INTO order_items VALUES('0d3e8994-739d-4995-8a81-d4d4ad0516c3','0d148968-aa8c-4ab9-ad49-54b13da84349','b09d304c-abea-4777-af0e-c228e123f02a',3,50000);
INSERT INTO order_items VALUES('4f291460-1bf0-4112-a3a8-2b6fbc0c7054','0d148968-aa8c-4ab9-ad49-54b13da84349','2db01f58-ac92-473e-aaa9-09614aac120e',1,15000);
INSERT INTO order_items VALUES('c24c2c59-a424-4b86-95f5-c62e0cbbc834','e7012433-9e64-4a1f-a44d-9af0d712cbac','b09d304c-abea-4777-af0e-c228e123f02a',3,50000);
INSERT INTO order_items VALUES('e6336916-c658-41c7-a1ca-a72e2682ed23','83f9a866-8681-4639-a592-987dfb59263c','06b0ecf4-adac-41fc-8a90-c200ec6eb809',1,100000);
INSERT INTO order_items VALUES('7c0911c8-3756-43b9-a7d5-6eac92622a7e','2aa5ee9d-44b1-44c2-a058-eb8b3dd895b7','b09d304c-abea-4777-af0e-c228e123f02a',10,50000);
INSERT INTO order_items VALUES('3d261d58-8c7f-4f71-b2ed-b2220941c363','2aa5ee9d-44b1-44c2-a058-eb8b3dd895b7','2db01f58-ac92-473e-aaa9-09614aac120e',3,15000);
INSERT INTO order_items VALUES('4fb89695-283e-4802-b32a-a1f45c4b3bcc','c91d6390-f17b-4b12-92fe-1999b7bd1857','b46d77fb-f999-4cf3-ae5e-8ecba3e8cbbe',3,32000);
INSERT INTO order_items VALUES('3fedbebe-4e2b-433d-97bb-3b673a400296','c91d6390-f17b-4b12-92fe-1999b7bd1857','9d89889d-1651-4f24-a8e8-8a30815e8ff3',3,32000);
INSERT INTO order_items VALUES('b1973947-15ff-4be8-bfde-4a868932ae03','c91d6390-f17b-4b12-92fe-1999b7bd1857','109f6b4e-a706-4334-ab86-5f20e3d29173',3,32000);
INSERT INTO order_items VALUES('0b7f5463-02d1-4c7d-8d9f-7dcb38b38870','c91d6390-f17b-4b12-92fe-1999b7bd1857','35aaa6e2-79aa-42fd-b93c-3054e7466910',1,155000);
INSERT INTO order_items VALUES('7545da87-2a99-40f5-a20c-3295ca2d1583','ae96d139-67ec-498e-b951-b2c084d6a84d','59130929-5904-4a4d-bee1-3fbdb7d9bec0',1,6000);
INSERT INTO order_items VALUES('b1c369b3-66da-4e67-86a7-09ddd1a85c98','ae96d139-67ec-498e-b951-b2c084d6a84d','024c9a0d-56f2-45b4-96aa-9448e2b62deb',1,12000);
INSERT INTO order_items VALUES('747a74b9-6761-40b1-b3a2-e41faa8ba8a5','ae96d139-67ec-498e-b951-b2c084d6a84d','936cf303-5467-4331-84b3-280fc8d40177',1,15000);
INSERT INTO order_items VALUES('65393fea-4b48-4949-9b68-e12918272fd3','324b971d-7020-43ef-a25d-1c3b5403f72a','b09d304c-abea-4777-af0e-c228e123f02a',10,35000);
INSERT INTO order_items VALUES('c74c58d0-2331-4e33-89f7-fa0007523367','7c7028c1-c146-4f41-8619-a9098c558644','b09d304c-abea-4777-af0e-c228e123f02a',6,50000);
INSERT INTO order_items VALUES('738afab3-44a9-4138-aa76-566b64c24710','7c7028c1-c146-4f41-8619-a9098c558644','109f6b4e-a706-4334-ab86-5f20e3d29173',2,34000);
INSERT INTO order_items VALUES('4cfe107e-243b-4da7-8559-a3b8ddebd858','7c7028c1-c146-4f41-8619-a9098c558644','9d89889d-1651-4f24-a8e8-8a30815e8ff3',3,34000);
INSERT INTO order_items VALUES('573b61c3-ec7b-4639-8cab-8c14de084925','7c7028c1-c146-4f41-8619-a9098c558644','118c765d-ca7f-4bcc-816d-32ae4cb00daf',1,6000);
INSERT INTO order_items VALUES('8e88a98d-ad63-43fb-a437-a4fe9a9d99c5','7c7028c1-c146-4f41-8619-a9098c558644','01da9c35-555f-4317-8148-4ceba600fd49',1,6000);
INSERT INTO order_items VALUES('8c71ab30-d6ad-4ab8-b154-13b6c2e799d0','7c7028c1-c146-4f41-8619-a9098c558644','e36d4546-f1bc-49bb-8876-dfb73bbe3038',4,115000);
INSERT INTO order_items VALUES('b65943d0-0fa7-4a1a-b925-ad905b5843a2','5d7abc48-8976-4a26-b939-f95e44bcc1e0','b09d304c-abea-4777-af0e-c228e123f02a',1,35000);
INSERT INTO order_items VALUES('eacbdc7f-4202-4229-8151-0a703e79b50d','b245aabf-94fd-4ca8-9912-2bc30c39edcd','59130929-5904-4a4d-bee1-3fbdb7d9bec0',2,6000);
INSERT INTO order_items VALUES('cd86bf70-70a0-4724-94ad-9aaf24022473','b245aabf-94fd-4ca8-9912-2bc30c39edcd','2db01f58-ac92-473e-aaa9-09614aac120e',1,15000);
INSERT INTO order_items VALUES('fd8aa1b4-e438-4205-b676-4a9c0ec7e202','b245aabf-94fd-4ca8-9912-2bc30c39edcd','b09d304c-abea-4777-af0e-c228e123f02a',7,50000);
INSERT INTO order_items VALUES('8678cc2b-f049-4025-b72a-040ff93f89db','b245aabf-94fd-4ca8-9912-2bc30c39edcd','06b0ecf4-adac-41fc-8a90-c200ec6eb809',1,100000);
INSERT INTO order_items VALUES('93d1e2b0-2284-48c3-9c63-1001171a55a0','b245aabf-94fd-4ca8-9912-2bc30c39edcd','35aaa6e2-79aa-42fd-b93c-3054e7466910',2,165000);
INSERT INTO order_items VALUES('96001b31-dbaa-49ef-8841-c344cdcd2926','b245aabf-94fd-4ca8-9912-2bc30c39edcd','4a9928b1-2d55-4f9a-818a-42e408ab06c5',1,60000);
INSERT INTO order_items VALUES('5906ce11-48cc-4db9-8bae-00821f83bfa0','6440b6ae-972d-404f-bb10-b1d4ee9470ac','b09d304c-abea-4777-af0e-c228e123f02a',3,50000);
INSERT INTO order_items VALUES('d67b9664-2e30-49ca-a895-0d1797f0e431','6440b6ae-972d-404f-bb10-b1d4ee9470ac','06b0ecf4-adac-41fc-8a90-c200ec6eb809',1,100000);
INSERT INTO order_items VALUES('888b794d-fa51-45cb-849e-88f6cb13f404','540a308d-41a3-43ae-a6b3-3d3aef6c151c','b09d304c-abea-4777-af0e-c228e123f02a',9,50000);
INSERT INTO order_items VALUES('89ae3349-cc5d-44d2-8771-75d20aa644bd','540a308d-41a3-43ae-a6b3-3d3aef6c151c','06b0ecf4-adac-41fc-8a90-c200ec6eb809',2,100000);
INSERT INTO order_items VALUES('4a137266-cc65-46a1-bc7e-a042a5d5ead3','540a308d-41a3-43ae-a6b3-3d3aef6c151c','4a9928b1-2d55-4f9a-818a-42e408ab06c5',1,60000);
INSERT INTO order_items VALUES('5966eee9-93a3-4229-aa99-2a1777232c66','46efd437-2201-41eb-b5a9-de452b66e460','b09d304c-abea-4777-af0e-c228e123f02a',5,35000);
INSERT INTO order_items VALUES('6c1bacd4-4745-435f-8fb0-18a8fc875164','2ba43f1b-1621-46fa-9a0c-fb4e93ae60ee','2db01f58-ac92-473e-aaa9-09614aac120e',1,15000);
INSERT INTO order_items VALUES('774e8654-c273-4142-bab2-7ab8369be93f','571d5a11-2164-4e34-8ac1-b05bbd944afc','b46d77fb-f999-4cf3-ae5e-8ecba3e8cbbe',2,32000);
INSERT INTO order_items VALUES('46fa880c-2669-4c0c-a126-78d7514cb95e','571d5a11-2164-4e34-8ac1-b05bbd944afc','9d89889d-1651-4f24-a8e8-8a30815e8ff3',2,32000);
INSERT INTO order_items VALUES('7b3484ad-2f61-40e8-ab18-5b5b621045b1','571d5a11-2164-4e34-8ac1-b05bbd944afc','109f6b4e-a706-4334-ab86-5f20e3d29173',2,32000);
INSERT INTO order_items VALUES('27ada0e4-01ad-44fa-9cc6-6b07a3880376','571d5a11-2164-4e34-8ac1-b05bbd944afc','b09d304c-abea-4777-af0e-c228e123f02a',1,35000);
INSERT INTO order_items VALUES('ec3d26d7-9ea9-4570-9f3f-f63c71f66008','036f20ef-166b-4792-943e-ee57f75ac979','b09d304c-abea-4777-af0e-c228e123f02a',8,50000);
INSERT INTO order_items VALUES('53220f22-225d-4618-80c3-de2c8fa8c8e5','036f20ef-166b-4792-943e-ee57f75ac979','38f4f998-ae3f-470a-820c-5532a0c1ead9',1,40000);
INSERT INTO order_items VALUES('81075672-5be2-4bff-a1b4-78e9593295d6','036f20ef-166b-4792-943e-ee57f75ac979','cf156995-6fc8-409a-8b73-35d30dbe316d',1,40000);
INSERT INTO order_items VALUES('2c6f18fa-93ef-4f29-90cb-34cb34336005','fb6dc62f-77ea-4fe2-824c-44932ac0665c','b09d304c-abea-4777-af0e-c228e123f02a',2,35000);
INSERT INTO order_items VALUES('cc68a402-6210-47e2-bf26-b761df6c9a0d','fb6dc62f-77ea-4fe2-824c-44932ac0665c','b46d77fb-f999-4cf3-ae5e-8ecba3e8cbbe',5,32000);
INSERT INTO order_items VALUES('93956c3e-6df0-44b1-baa4-4f0ea6821896','fb6dc62f-77ea-4fe2-824c-44932ac0665c','109f6b4e-a706-4334-ab86-5f20e3d29173',5,32000);
INSERT INTO order_items VALUES('0a9d577b-c465-4526-9c92-c433a6139fbb','fb6dc62f-77ea-4fe2-824c-44932ac0665c','35aaa6e2-79aa-42fd-b93c-3054e7466910',1,155000);
INSERT INTO order_items VALUES('ae1b6b78-9f06-4b59-aa8f-7e157fcbe07d','fb6dc62f-77ea-4fe2-824c-44932ac0665c','cf156995-6fc8-409a-8b73-35d30dbe316d',1,40000);
INSERT INTO order_items VALUES('0de93126-ebe1-40d6-a93c-8989b15c18e5','939959e6-7fec-4fd0-9f87-aba1ee2e419d','b09d304c-abea-4777-af0e-c228e123f02a',2,35000);
INSERT INTO order_items VALUES('f3e1fe20-6e8b-497a-b467-eb794717d040','939959e6-7fec-4fd0-9f87-aba1ee2e419d','b46d77fb-f999-4cf3-ae5e-8ecba3e8cbbe',5,32000);
INSERT INTO order_items VALUES('29d2622e-f1af-40a7-b2c2-16790e3dfff7','939959e6-7fec-4fd0-9f87-aba1ee2e419d','109f6b4e-a706-4334-ab86-5f20e3d29173',5,32000);
INSERT INTO order_items VALUES('446f899e-fbab-463a-8ca1-3070140b3627','939959e6-7fec-4fd0-9f87-aba1ee2e419d','35aaa6e2-79aa-42fd-b93c-3054e7466910',1,155000);
INSERT INTO order_items VALUES('99ac112d-449e-4c12-8650-304a98d5aa82','939959e6-7fec-4fd0-9f87-aba1ee2e419d','cf156995-6fc8-409a-8b73-35d30dbe316d',1,40000);
INSERT INTO order_items VALUES('92a87881-45b8-421f-bd17-bae5e6253b65','f29e6aec-9c75-43c3-accc-5d836140e6ab','2db01f58-ac92-473e-aaa9-09614aac120e',2,15000);
INSERT INTO order_items VALUES('6630a7fd-6829-4bd8-868e-eed6d71fa3eb','6556e1fe-b0f4-4c31-9a4a-c9a7763c0e53','3d616106-7720-40d7-8b42-e5e82ffbb70b',1,280000);
INSERT INTO order_items VALUES('a8029ff6-0225-424c-bbcd-d2c28f1f9195','ccf33875-49de-4eaf-ae92-b0e957dfcd54','06b0ecf4-adac-41fc-8a90-c200ec6eb809',1,95000);
INSERT INTO order_items VALUES('eda82852-2b8f-4e71-966f-b35192312816','ccf33875-49de-4eaf-ae92-b0e957dfcd54','b09d304c-abea-4777-af0e-c228e123f02a',5,35000);
INSERT INTO order_items VALUES('f624bf3a-a11f-40a3-8069-52fcb4eefbc3','ccf33875-49de-4eaf-ae92-b0e957dfcd54','b46d77fb-f999-4cf3-ae5e-8ecba3e8cbbe',3,32000);
INSERT INTO order_items VALUES('cbc2fd9c-968a-4ec8-8fbb-73a9d819dc65','ccf33875-49de-4eaf-ae92-b0e957dfcd54','5ea5f99b-c203-40cf-b916-78ad24dee56b',1,15000);
INSERT INTO order_items VALUES('fe12031f-2aba-4efe-a83c-9b2bf8c3d86e','ccf33875-49de-4eaf-ae92-b0e957dfcd54','01160287-e3a7-4435-851c-9ef4e4186adc',1,15000);
INSERT INTO order_items VALUES('5bf5db1f-932b-4a69-b0c3-4038b96372cd','ccf33875-49de-4eaf-ae92-b0e957dfcd54','2db01f58-ac92-473e-aaa9-09614aac120e',2,15000);
INSERT INTO order_items VALUES('72cbb594-4f4b-420a-95d6-e42f56a0030a','ccf33875-49de-4eaf-ae92-b0e957dfcd54','109f6b4e-a706-4334-ab86-5f20e3d29173',2,32000);
INSERT INTO order_items VALUES('d06ee5fc-0e50-4394-9587-11023651298e','ccf33875-49de-4eaf-ae92-b0e957dfcd54','9d89889d-1651-4f24-a8e8-8a30815e8ff3',2,32000);
INSERT INTO order_items VALUES('a008bf5a-1a59-488b-996d-ed4fd0cc8547','ccf33875-49de-4eaf-ae92-b0e957dfcd54','cf156995-6fc8-409a-8b73-35d30dbe316d',1,40000);
INSERT INTO order_items VALUES('f9e5ad84-9c86-4143-9521-8c755d5d16d8','3454ec05-852a-494f-8ae9-24c81cfab8ab','375a1926-ed27-4f2c-856c-3659393e6a47',2,155000);
INSERT INTO order_items VALUES('e3568615-230a-488d-b76a-9ce7233ac995','3454ec05-852a-494f-8ae9-24c81cfab8ab','1d9c6925-8411-45f2-b656-fbf8b9022df9',1,20000);
INSERT INTO order_items VALUES('a5db7f71-ae0d-4d69-8b9b-20e58d7ced09','3454ec05-852a-494f-8ae9-24c81cfab8ab','e928cf75-2a39-44be-a285-adf78b6ef291',2,15000);
INSERT INTO order_items VALUES('1cae6fc5-c826-475a-8f17-c0d13e44ae87','3454ec05-852a-494f-8ae9-24c81cfab8ab','c39170bb-51e5-48e6-abc0-a8634760f6f8',1,30000);
INSERT INTO order_items VALUES('1fe59c14-c796-412e-9093-26cfa255a822','3454ec05-852a-494f-8ae9-24c81cfab8ab','e867f5af-ca29-406f-9da5-92642c21d1f6',2,10000);
INSERT INTO order_items VALUES('b8a62db0-42ec-4456-a004-f500bbbaf985','3454ec05-852a-494f-8ae9-24c81cfab8ab','3d5cbc3c-dc55-46af-a200-a8a9c2080947',1,25000);
INSERT INTO order_items VALUES('32d691e7-6bc9-447e-b945-a5794bd0b349','3454ec05-852a-494f-8ae9-24c81cfab8ab','e9a78e9b-92d6-45bf-ae60-76fac9ba6f93',2,40000);
INSERT INTO order_items VALUES('58b28d33-f79a-441e-afc4-52608c2e28bf','9048c9f9-e890-42c3-86eb-749cb93999d7','06b0ecf4-adac-41fc-8a90-c200ec6eb809',2,100000);
INSERT INTO order_items VALUES('9540e0e2-177f-4a30-b073-783ec8e4e078','9048c9f9-e890-42c3-86eb-749cb93999d7','109f6b4e-a706-4334-ab86-5f20e3d29173',3,34000);
INSERT INTO order_items VALUES('fd9383c0-2bc2-4997-bafc-5f716495348e','9048c9f9-e890-42c3-86eb-749cb93999d7','9d89889d-1651-4f24-a8e8-8a30815e8ff3',2,34000);
INSERT INTO order_items VALUES('dcdc262c-a5c6-4ab9-be68-c87554e1d0bd','9048c9f9-e890-42c3-86eb-749cb93999d7','c37a3120-94a7-4ab3-812d-3cffb2b858d1',2,20000);
INSERT INTO order_items VALUES('f64701db-ae28-4808-bc41-e362755d2cb1','6b6ff660-3e11-4a57-9022-daa40ce841ea','b09d304c-abea-4777-af0e-c228e123f02a',6,50000);
INSERT INTO order_items VALUES('830781ef-4835-48e3-943e-e6364bc6f2b3','6b6ff660-3e11-4a57-9022-daa40ce841ea','cf156995-6fc8-409a-8b73-35d30dbe316d',1,40000);
INSERT INTO order_items VALUES('691a3872-4662-4a43-8295-29b18ed3a606','6b6ff660-3e11-4a57-9022-daa40ce841ea','06b0ecf4-adac-41fc-8a90-c200ec6eb809',1,100000);
INSERT INTO order_items VALUES('da0a901d-7e59-49e7-b8bd-ddd4512ea1d5','6b6ff660-3e11-4a57-9022-daa40ce841ea','4a9928b1-2d55-4f9a-818a-42e408ab06c5',1,60000);
INSERT INTO order_items VALUES('6f4ba841-9be6-49fc-8f42-a60ac7e5ea12','6b6ff660-3e11-4a57-9022-daa40ce841ea','59130929-5904-4a4d-bee1-3fbdb7d9bec0',2,6000);
INSERT INTO order_items VALUES('b5196184-7c64-4f03-ae3a-5f96d3473e9d','417acdb7-5a34-4b3b-ba69-999fae2b5381','b09d304c-abea-4777-af0e-c228e123f02a',14,50000);
INSERT INTO order_items VALUES('00441ad7-5612-4b36-988d-87b7c773f5fa','417acdb7-5a34-4b3b-ba69-999fae2b5381','4a9928b1-2d55-4f9a-818a-42e408ab06c5',1,60000);
INSERT INTO order_items VALUES('f25fd58f-a7e3-49ec-8b2f-ef412af8db0d','417acdb7-5a34-4b3b-ba69-999fae2b5381','35aaa6e2-79aa-42fd-b93c-3054e7466910',1,165000);
INSERT INTO order_items VALUES('3e6c0fa4-2cdb-445e-9424-c644bc95f7e2','d05b400a-8e85-44ec-a2da-45d47d97b232','4a9928b1-2d55-4f9a-818a-42e408ab06c5',1,55000);
INSERT INTO order_items VALUES('e335cc11-c7c3-4353-b3b2-451799a9aaad','d05b400a-8e85-44ec-a2da-45d47d97b232','06b0ecf4-adac-41fc-8a90-c200ec6eb809',1,95000);
INSERT INTO order_items VALUES('c0cb17b6-2d72-4ccc-a2ea-9d64a51db052','0d53594d-9055-467a-86e1-d6b688d17b8f','b09d304c-abea-4777-af0e-c228e123f02a',5,50000);
INSERT INTO order_items VALUES('da84d2d2-c6f3-4ebb-8b5c-6b83b298e653','0d53594d-9055-467a-86e1-d6b688d17b8f','aad0a705-d03f-4d2f-9de5-672d239cdd3c',1,20000);
INSERT INTO order_items VALUES('a54f7cd6-9517-469e-9070-758f49e95f33','c0ac57c3-262e-4ad4-bb74-f06afd118cad','b09d304c-abea-4777-af0e-c228e123f02a',8,50000);
INSERT INTO order_items VALUES('8534b378-cb73-45a3-9cc6-bbd8366867d2','c0ac57c3-262e-4ad4-bb74-f06afd118cad','375a1926-ed27-4f2c-856c-3659393e6a47',1,165000);
INSERT INTO order_items VALUES('9b6b3539-f431-4c21-850a-5c4560449e99','7126549a-993a-4917-ae41-8b690dbe190a','b09d304c-abea-4777-af0e-c228e123f02a',8,50000);
INSERT INTO order_items VALUES('44d24fac-d6ef-422a-8dc6-824e98f0d059','7126549a-993a-4917-ae41-8b690dbe190a','06b0ecf4-adac-41fc-8a90-c200ec6eb809',1,100000);
INSERT INTO order_items VALUES('1f076df2-212c-4cd4-9278-64ac84ae2fa9','7126549a-993a-4917-ae41-8b690dbe190a','4a9928b1-2d55-4f9a-818a-42e408ab06c5',1,60000);
INSERT INTO order_items VALUES('4935adb9-884e-4924-93f7-79ab943b032b','7126549a-993a-4917-ae41-8b690dbe190a','02240f3f-2fdb-4ebf-b186-95e089f40823',1,165000);
INSERT INTO order_items VALUES('3c787c2f-bf23-4c08-8041-183fd9faaf1c','7126549a-993a-4917-ae41-8b690dbe190a','109f6b4e-a706-4334-ab86-5f20e3d29173',2,34000);
INSERT INTO order_items VALUES('0c5b87b0-4819-459c-9bce-812d74358074','7126549a-993a-4917-ae41-8b690dbe190a','535a610a-a9e1-42a8-a752-0fc2fd9946d4',1,34000);
INSERT INTO order_items VALUES('b394c218-e77d-4eef-9a9a-96bfbdd5ff53','7126549a-993a-4917-ae41-8b690dbe190a','01160287-e3a7-4435-851c-9ef4e4186adc',1,15000);
INSERT INTO order_items VALUES('f0ffbe82-a5ed-400c-8b5e-d56fd3a79a1b','7126549a-993a-4917-ae41-8b690dbe190a','21a99c44-102e-4d14-989a-5fa529f15f19',1,25000);
INSERT INTO order_items VALUES('05623d0b-18f0-48e3-897b-259cdf725f2c','7126549a-993a-4917-ae41-8b690dbe190a','024c9a0d-56f2-45b4-96aa-9448e2b62deb',1,12000);
INSERT INTO order_items VALUES('6e300800-450e-4979-883d-35ed12a58834','7126549a-993a-4917-ae41-8b690dbe190a','927f8cf2-27c8-41a0-b188-d1051bc9dc3f',1,10000);
INSERT INTO order_items VALUES('4716953f-103e-42f3-a1aa-657bb2b43458','dd97191d-3526-4101-b327-5c8e5fe23b4b','b09d304c-abea-4777-af0e-c228e123f02a',6,50000);
INSERT INTO order_items VALUES('70b35696-8293-4624-b288-159d220f6f19','dd97191d-3526-4101-b327-5c8e5fe23b4b','06b0ecf4-adac-41fc-8a90-c200ec6eb809',1,100000);
INSERT INTO order_items VALUES('8ea0a084-1342-46d5-8843-e02f59682473','dd97191d-3526-4101-b327-5c8e5fe23b4b','4a9928b1-2d55-4f9a-818a-42e408ab06c5',2,60000);
INSERT INTO order_items VALUES('dfcb9efb-6997-4311-a7b3-b46ab317f443','dd97191d-3526-4101-b327-5c8e5fe23b4b','35aaa6e2-79aa-42fd-b93c-3054e7466910',1,165000);
INSERT INTO order_items VALUES('22a75804-e16e-442a-9ff7-869a89a21268','dd97191d-3526-4101-b327-5c8e5fe23b4b','b46d77fb-f999-4cf3-ae5e-8ecba3e8cbbe',2,34000);
INSERT INTO order_items VALUES('5f813360-7e82-478b-9deb-4ee526ad3ee8','dd97191d-3526-4101-b327-5c8e5fe23b4b','9d89889d-1651-4f24-a8e8-8a30815e8ff3',2,34000);
INSERT INTO order_items VALUES('ea160bc5-c655-4396-9758-042e7da6d712','dd97191d-3526-4101-b327-5c8e5fe23b4b','109f6b4e-a706-4334-ab86-5f20e3d29173',2,34000);
INSERT INTO order_items VALUES('68615461-ed5a-48ac-9d14-2566ecf94770','c8265ad6-6c17-4fe2-aa9c-9e4895db24ad','109f6b4e-a706-4334-ab86-5f20e3d29173',3,34000);
INSERT INTO order_items VALUES('2979e1d9-cf93-40d6-8962-c85f1fdef144','c8265ad6-6c17-4fe2-aa9c-9e4895db24ad','9d89889d-1651-4f24-a8e8-8a30815e8ff3',2,34000);
INSERT INTO order_items VALUES('488ca023-b26f-4873-89f0-77385a5eadad','e4b2be59-6993-45ef-9e6b-18f883d9dd74','b09d304c-abea-4777-af0e-c228e123f02a',6,50000);
INSERT INTO order_items VALUES('f3b2ca76-4f06-420c-88f0-46d1b6e1cdc4','e4b2be59-6993-45ef-9e6b-18f883d9dd74','109f6b4e-a706-4334-ab86-5f20e3d29173',2,34000);
INSERT INTO order_items VALUES('17ca8d46-013c-4b1b-a326-6f42b554950a','e4b2be59-6993-45ef-9e6b-18f883d9dd74','9d89889d-1651-4f24-a8e8-8a30815e8ff3',3,34000);
INSERT INTO order_items VALUES('f78a61b8-e324-4515-9003-85eb9b4ae758','e4b2be59-6993-45ef-9e6b-18f883d9dd74','118c765d-ca7f-4bcc-816d-32ae4cb00daf',1,6000);
INSERT INTO order_items VALUES('1c4ca2a5-4772-4d73-8b29-49b443f6621d','e4b2be59-6993-45ef-9e6b-18f883d9dd74','01da9c35-555f-4317-8148-4ceba600fd49',1,6000);
INSERT INTO order_items VALUES('2c0b3bb1-65a4-45b2-b7f2-d9d6215947e1','f24d99b1-8e30-4fc7-9840-01a9868383fa','59130929-5904-4a4d-bee1-3fbdb7d9bec0',2,6000);
INSERT INTO order_items VALUES('5eaf6609-6a2b-445c-b6d2-a471428ee0cc','f24d99b1-8e30-4fc7-9840-01a9868383fa','2db01f58-ac92-473e-aaa9-09614aac120e',1,15000);
INSERT INTO order_items VALUES('4597c665-176b-41d4-b198-0f99730b806f','f24d99b1-8e30-4fc7-9840-01a9868383fa','b09d304c-abea-4777-af0e-c228e123f02a',7,50000);
INSERT INTO order_items VALUES('76259afa-9415-433d-afc9-67f1cc090b76','f24d99b1-8e30-4fc7-9840-01a9868383fa','06b0ecf4-adac-41fc-8a90-c200ec6eb809',1,100000);
INSERT INTO order_items VALUES('199c6789-d268-4ff2-a97a-5ef3de073241','f24d99b1-8e30-4fc7-9840-01a9868383fa','35aaa6e2-79aa-42fd-b93c-3054e7466910',1,165000);
INSERT INTO order_items VALUES('73ade18f-132b-4e5a-9a74-e888795e4cfe','f24d99b1-8e30-4fc7-9840-01a9868383fa','4a9928b1-2d55-4f9a-818a-42e408ab06c5',1,60000);
INSERT INTO order_items VALUES('3dc92c18-023f-41d9-a75c-c31e05f53de0','dd4644e1-2fc0-43f0-bda4-116041554ee7','06b0ecf4-adac-41fc-8a90-c200ec6eb809',1,100000);
INSERT INTO order_items VALUES('7cdbba37-6c68-46db-84a5-9c2fcc62bb6f','dd4644e1-2fc0-43f0-bda4-116041554ee7','375a1926-ed27-4f2c-856c-3659393e6a47',1,165000);
INSERT INTO order_items VALUES('b58d4465-d110-4804-bf28-289eacc542f4','dd4644e1-2fc0-43f0-bda4-116041554ee7','109f6b4e-a706-4334-ab86-5f20e3d29173',5,34000);
INSERT INTO order_items VALUES('ebfc9f99-f49c-453d-ab9a-66e131cae5d8','dd4644e1-2fc0-43f0-bda4-116041554ee7','9d89889d-1651-4f24-a8e8-8a30815e8ff3',5,34000);
INSERT INTO order_items VALUES('c2e49b1e-eb22-458c-b2c0-bf93ef286768','dd4644e1-2fc0-43f0-bda4-116041554ee7','bac119a5-61d1-4fb4-a2d1-bb0f6d69c40e',1,34000);
INSERT INTO order_items VALUES('1c586320-a822-4196-8cb5-00e53c774e3a','dd4644e1-2fc0-43f0-bda4-116041554ee7','65ff8ec2-f9bd-4f9a-8b4a-187f44b6eed9',1,47000);
INSERT INTO order_items VALUES('6a81fea0-f678-4f61-bbdf-5948941efb59','dd4644e1-2fc0-43f0-bda4-116041554ee7','01160287-e3a7-4435-851c-9ef4e4186adc',1,15000);
INSERT INTO order_items VALUES('50909eda-ee2b-4cea-83a0-9b667ee43958','dd4644e1-2fc0-43f0-bda4-116041554ee7','e9a78e9b-92d6-45bf-ae60-76fac9ba6f93',1,40000);
INSERT INTO order_items VALUES('7a8e1c49-343b-49d3-971b-5ac5f9d1d705','dd4644e1-2fc0-43f0-bda4-116041554ee7','b09d304c-abea-4777-af0e-c228e123f02a',6,50000);
INSERT INTO order_items VALUES('ef11adb1-46ce-422d-b063-4db3824a7cf7','dd4644e1-2fc0-43f0-bda4-116041554ee7','38f4f998-ae3f-470a-820c-5532a0c1ead9',2,40000);
INSERT INTO order_items VALUES('104b067b-af43-46c0-ae26-8bcc41a1bc42','a0337cb7-c78c-4f5d-91f1-db57d910385c','024c9a0d-56f2-45b4-96aa-9448e2b62deb',1,12000);
INSERT INTO order_items VALUES('2d3c8c81-accb-4b67-b073-94f72b8b1c14','a0337cb7-c78c-4f5d-91f1-db57d910385c','936cf303-5467-4331-84b3-280fc8d40177',1,15000);
INSERT INTO order_items VALUES('f5930a64-c38d-4170-b463-f307cc48636f','a0337cb7-c78c-4f5d-91f1-db57d910385c','b09d304c-abea-4777-af0e-c228e123f02a',10,50000);
INSERT INTO order_items VALUES('551e046a-36ef-4027-a257-6fd69d086ad9','a0337cb7-c78c-4f5d-91f1-db57d910385c','06b0ecf4-adac-41fc-8a90-c200ec6eb809',1,100000);
INSERT INTO order_items VALUES('62a6c5ca-723b-4980-860d-94e7860a9ccb','a0337cb7-c78c-4f5d-91f1-db57d910385c','4a9928b1-2d55-4f9a-818a-42e408ab06c5',2,60000);
INSERT INTO order_items VALUES('56e6b583-89d9-4426-9d44-c2ba1e99c7e0','a0337cb7-c78c-4f5d-91f1-db57d910385c','2db01f58-ac92-473e-aaa9-09614aac120e',1,15000);
INSERT INTO order_items VALUES('e1118c3b-bf2e-4da6-b68e-791fd1933190','a0337cb7-c78c-4f5d-91f1-db57d910385c','109f6b4e-a706-4334-ab86-5f20e3d29173',1,34000);
INSERT INTO order_items VALUES('9866cb2f-f603-4c1f-a721-c0cd2a684b3f','a0337cb7-c78c-4f5d-91f1-db57d910385c','9d89889d-1651-4f24-a8e8-8a30815e8ff3',1,34000);
INSERT INTO order_items VALUES('d3f0b9cf-bf53-471e-abb4-b23973dc6619','a0337cb7-c78c-4f5d-91f1-db57d910385c','b46d77fb-f999-4cf3-ae5e-8ecba3e8cbbe',1,34000);
INSERT INTO order_items VALUES('81a8ee01-8843-499c-9fe2-5b86e1d9e1e0','a0337cb7-c78c-4f5d-91f1-db57d910385c','c37a3120-94a7-4ab3-812d-3cffb2b858d1',1,20000);
INSERT INTO order_items VALUES('fb8177ed-da1f-4401-89fa-6c850d9819a1','a0337cb7-c78c-4f5d-91f1-db57d910385c','aad0a705-d03f-4d2f-9de5-672d239cdd3c',1,20000);
INSERT INTO order_items VALUES('fdd3c5cc-64bb-4978-903a-fff09c6534ca','a0337cb7-c78c-4f5d-91f1-db57d910385c','01da9c35-555f-4317-8148-4ceba600fd49',2,6000);
INSERT INTO order_items VALUES('0ed9f2aa-91fb-4165-86f8-c0aeb9d0a38c','646e9430-2249-4368-a053-1c4310277414','59130929-5904-4a4d-bee1-3fbdb7d9bec0',1,6000);
INSERT INTO order_items VALUES('a7b222d1-fb9c-4e58-927e-14019e9ef59f','646e9430-2249-4368-a053-1c4310277414','2db01f58-ac92-473e-aaa9-09614aac120e',3,15000);
INSERT INTO order_items VALUES('24e2aa32-9271-4fbf-8a79-b526cdf46463','646e9430-2249-4368-a053-1c4310277414','38f4f998-ae3f-470a-820c-5532a0c1ead9',1,40000);
INSERT INTO order_items VALUES('bc52cecf-e1de-4f71-914c-757c87128da6','646e9430-2249-4368-a053-1c4310277414','4a9928b1-2d55-4f9a-818a-42e408ab06c5',1,60000);
INSERT INTO order_items VALUES('47c6710b-7919-4444-a440-bbe5f6123435','646e9430-2249-4368-a053-1c4310277414','35aaa6e2-79aa-42fd-b93c-3054e7466910',1,165000);
INSERT INTO order_items VALUES('fb168afd-d24e-4e69-8a2c-c286b408cbea','646e9430-2249-4368-a053-1c4310277414','118c765d-ca7f-4bcc-816d-32ae4cb00daf',1,6000);
INSERT INTO order_items VALUES('334dea83-245a-41b7-b9a2-4abadbea5499','646e9430-2249-4368-a053-1c4310277414','fe516c32-3c42-4d7d-86e7-41f616ba635c',1,35000);
INSERT INTO order_items VALUES('6a944f0c-1bf3-41f3-bf15-2fde7fcaaec2','fc5dd2d1-3f86-4eab-8977-a62041cd3b90','2db01f58-ac92-473e-aaa9-09614aac120e',1,15000);
INSERT INTO order_items VALUES('a8ba48e0-dd0f-4ed0-aa26-b173cdd9e026','fc5dd2d1-3f86-4eab-8977-a62041cd3b90','38f4f998-ae3f-470a-820c-5532a0c1ead9',1,40000);
INSERT INTO order_items VALUES('253256df-58b8-40b0-a0cb-73862594f1ff','9d934a08-b64d-40a1-8df9-cbe4e2c3d748','3d616106-7720-40d7-8b42-e5e82ffbb70b',1,300000);
INSERT INTO order_items VALUES('c5940589-e1e8-4925-9c1e-ef5311d1979e','f88a5649-aa27-402e-a432-b6d51a54d3fc','3d616106-7720-40d7-8b42-e5e82ffbb70b',1,300000);
INSERT INTO order_items VALUES('f8964fc5-1a18-4768-96d1-2fff205cc875','25cdfe00-72bb-4575-bf20-69274bdb4e58','9d89889d-1651-4f24-a8e8-8a30815e8ff3',3,32000);
INSERT INTO order_items VALUES('14b18921-0485-4bfb-ad8e-83e61c70d046','25cdfe00-72bb-4575-bf20-69274bdb4e58','35aaa6e2-79aa-42fd-b93c-3054e7466910',1,155000);
INSERT INTO order_items VALUES('816ca53a-7d96-4214-8e63-29e9074abe64','25cdfe00-72bb-4575-bf20-69274bdb4e58','7d0dc214-4342-4c80-ba63-78fef6140576',1,135000);
INSERT INTO order_items VALUES('23c3c896-6043-4e52-8c1d-39d66cfaf0c4','e3c18615-f24a-4bfb-a27a-ea0c1655c98d','b46d77fb-f999-4cf3-ae5e-8ecba3e8cbbe',3,32000);
INSERT INTO order_items VALUES('d5ee01f7-2184-4184-baea-8303664913f3','e3c18615-f24a-4bfb-a27a-ea0c1655c98d','109f6b4e-a706-4334-ab86-5f20e3d29173',3,32000);
INSERT INTO order_items VALUES('e7a42f30-8538-40a7-9344-d951a46835fd','e3c18615-f24a-4bfb-a27a-ea0c1655c98d','65ff8ec2-f9bd-4f9a-8b4a-187f44b6eed9',1,42000);
INSERT INTO order_items VALUES('cd4d3fea-e270-429a-982c-2710a36deeaf','e3c18615-f24a-4bfb-a27a-ea0c1655c98d','fb01cc49-5109-4557-a026-d660defd4ff2',1,42000);
INSERT INTO order_items VALUES('e7e901c0-b945-4049-8ed8-4c73d9464c7b','e3c18615-f24a-4bfb-a27a-ea0c1655c98d','3d5cbc3c-dc55-46af-a200-a8a9c2080947',1,25000);
INSERT INTO order_items VALUES('1bf8b1c1-517d-4be0-aec2-c6d1cd5054eb','e3c18615-f24a-4bfb-a27a-ea0c1655c98d','c39170bb-51e5-48e6-abc0-a8634760f6f8',1,30000);
INSERT INTO order_items VALUES('e849e140-224a-4e7a-841a-ff01246bf2a9','e3c18615-f24a-4bfb-a27a-ea0c1655c98d','02240f3f-2fdb-4ebf-b186-95e089f40823',1,155000);
INSERT INTO order_items VALUES('eff18b30-2a4f-4a05-8537-535a83ef12c1','e3c18615-f24a-4bfb-a27a-ea0c1655c98d','4a9928b1-2d55-4f9a-818a-42e408ab06c5',1,55000);
INSERT INTO order_items VALUES('c514153a-89a2-4a22-86c4-1c5c53fd1c81','07226fe1-2244-4f18-9697-bdd85e823823','38f4f998-ae3f-470a-820c-5532a0c1ead9',1,40000);
INSERT INTO order_items VALUES('057896f0-01bf-4e47-8a6e-b416ac514d70','07226fe1-2244-4f18-9697-bdd85e823823','06b0ecf4-adac-41fc-8a90-c200ec6eb809',1,95000);
INSERT INTO order_items VALUES('e96b9965-6933-4a71-852b-b450c54fa58d','07226fe1-2244-4f18-9697-bdd85e823823','4a9928b1-2d55-4f9a-818a-42e408ab06c5',1,55000);
INSERT INTO order_items VALUES('189a5ce5-ecc1-45a5-8306-28213c2aec86','07226fe1-2244-4f18-9697-bdd85e823823','375a1926-ed27-4f2c-856c-3659393e6a47',2,155000);
INSERT INTO order_items VALUES('ca713077-3966-46aa-af48-1093ba6534a0','07226fe1-2244-4f18-9697-bdd85e823823','109f6b4e-a706-4334-ab86-5f20e3d29173',2,32000);
INSERT INTO order_items VALUES('5d40c70a-d31e-4f6e-ae20-5812a4384b54','07226fe1-2244-4f18-9697-bdd85e823823','bac119a5-61d1-4fb4-a2d1-bb0f6d69c40e',1,32000);
INSERT INTO order_items VALUES('466fb954-b282-4695-a183-b0b8f6b905d0','07226fe1-2244-4f18-9697-bdd85e823823','9d89889d-1651-4f24-a8e8-8a30815e8ff3',2,32000);
INSERT INTO order_items VALUES('96f998b8-680b-4a2a-b2d5-6757c693391f','07226fe1-2244-4f18-9697-bdd85e823823','65ff8ec2-f9bd-4f9a-8b4a-187f44b6eed9',2,42000);
INSERT INTO order_items VALUES('58cfbee9-0b54-4980-b71b-26d36f77eb3b','07226fe1-2244-4f18-9697-bdd85e823823','5049ce56-14c6-4eba-ac9a-bf9334722708',1,6500);
INSERT INTO order_items VALUES('587c79af-b0f7-4e19-adde-5b05e9d6524e','07226fe1-2244-4f18-9697-bdd85e823823','0b121cb8-eef6-4845-8568-59510589ce7b',1,6500);
INSERT INTO order_items VALUES('690009d0-7148-4033-a544-979618deb8c1','07226fe1-2244-4f18-9697-bdd85e823823','10427ba2-f66f-4870-ba78-4a95c4e82be5',2,15000);
INSERT INTO order_items VALUES('f9324618-af2d-4295-85a4-effdf8bf1dc8','07226fe1-2244-4f18-9697-bdd85e823823','21a99c44-102e-4d14-989a-5fa529f15f19',1,25000);
INSERT INTO order_items VALUES('c9feebe1-b48f-4d18-9bf3-e669e543aff4','93340edb-1641-4e1e-902b-6fa6029b12bc','b09d304c-abea-4777-af0e-c228e123f02a',5,50000);
INSERT INTO order_items VALUES('81989cb7-118b-46b9-a9af-c8360d941f82','184ffcd2-907d-4d59-ae30-4d4212fc4649','b09d304c-abea-4777-af0e-c228e123f02a',4,50000);
INSERT INTO order_items VALUES('e7c2e3c0-bdc5-47cc-82c9-e8e7abfcb39b','184ffcd2-907d-4d59-ae30-4d4212fc4649','0e97c0a2-7c08-4c7b-8d79-ac18183da3e6',1,35000);
INSERT INTO order_items VALUES('e1329c98-7045-4f6a-9ea1-1b96c386b2e7','184ffcd2-907d-4d59-ae30-4d4212fc4649','978c435a-84f5-49f5-a9b3-0a1a2d70eff3',1,15000);
INSERT INTO order_items VALUES('a56ddb33-17ed-43f4-86c4-7a9723ad0d43','184ffcd2-907d-4d59-ae30-4d4212fc4649','e9a78e9b-92d6-45bf-ae60-76fac9ba6f93',1,40000);
INSERT INTO order_items VALUES('78432522-faff-4b13-8589-94dc419fd8b0','184ffcd2-907d-4d59-ae30-4d4212fc4649','38f4f998-ae3f-470a-820c-5532a0c1ead9',1,40000);
INSERT INTO order_items VALUES('054358e1-e233-4e87-b211-445f734d0542','184ffcd2-907d-4d59-ae30-4d4212fc4649','118c765d-ca7f-4bcc-816d-32ae4cb00daf',1,10000);
INSERT INTO order_items VALUES('7028e2fa-07d5-45dd-98f9-37529c81a313','6ad3e234-104d-440c-9dbe-d12eeaf154f6','b09d304c-abea-4777-af0e-c228e123f02a',4,50000);
INSERT INTO order_items VALUES('6fba72b8-4381-460b-9112-a3757b591bb1','6ad3e234-104d-440c-9dbe-d12eeaf154f6','06b0ecf4-adac-41fc-8a90-c200ec6eb809',2,100000);
INSERT INTO order_items VALUES('1e04d2b9-a6d2-4a69-9b9e-4099280b58fd','6ad3e234-104d-440c-9dbe-d12eeaf154f6','aad0a705-d03f-4d2f-9de5-672d239cdd3c',1,20000);
INSERT INTO order_items VALUES('5a19f700-f37e-483a-8df7-412100cf078f','6ad3e234-104d-440c-9dbe-d12eeaf154f6','5ea5f99b-c203-40cf-b916-78ad24dee56b',1,15000);
INSERT INTO order_items VALUES('cf153fc3-9c4b-4052-94c8-6162ce590f29','6ad3e234-104d-440c-9dbe-d12eeaf154f6','01da9c35-555f-4317-8148-4ceba600fd49',2,6000);
INSERT INTO order_items VALUES('1037f0e6-d062-4a33-b4bd-057b5b8cabf7','6ad3e234-104d-440c-9dbe-d12eeaf154f6','5049ce56-14c6-4eba-ac9a-bf9334722708',1,7500);
INSERT INTO order_items VALUES('fdb28e98-686b-4e35-a006-eb2a5ae1d6b8','6ad3e234-104d-440c-9dbe-d12eeaf154f6','e867f5af-ca29-406f-9da5-92642c21d1f6',1,10000);
INSERT INTO order_items VALUES('ee46be7e-f1fa-4183-8e0f-9c6248c038ae','6ad3e234-104d-440c-9dbe-d12eeaf154f6','118c765d-ca7f-4bcc-816d-32ae4cb00daf',1,10000);
INSERT INTO order_items VALUES('498cf2a8-8f11-4fbf-ac98-759b27633e71','d79beb71-0984-4252-8821-2a182219aaa7','b09d304c-abea-4777-af0e-c228e123f02a',5,35000);
INSERT INTO order_items VALUES('e84b11f6-b3aa-4f1c-aa24-41563d22d1fc','d79beb71-0984-4252-8821-2a182219aaa7','cf156995-6fc8-409a-8b73-35d30dbe316d',1,40000);
INSERT INTO order_items VALUES('94f542bd-71f7-450a-9799-a1b5c3f0ebe4','d79beb71-0984-4252-8821-2a182219aaa7','375a1926-ed27-4f2c-856c-3659393e6a47',1,155000);
INSERT INTO order_items VALUES('f0fc30f4-bb6f-4b8e-8026-a4f25bd2abd3','d79beb71-0984-4252-8821-2a182219aaa7','9d89889d-1651-4f24-a8e8-8a30815e8ff3',2,32000);
INSERT INTO order_items VALUES('683072fd-524c-4e7e-a875-65b6fb49fa96','d79beb71-0984-4252-8821-2a182219aaa7','b46d77fb-f999-4cf3-ae5e-8ecba3e8cbbe',1,32000);
INSERT INTO order_items VALUES('11a3e3f0-0e1c-4306-9e04-cb40129a23bf','d79beb71-0984-4252-8821-2a182219aaa7','109f6b4e-a706-4334-ab86-5f20e3d29173',1,32000);
INSERT INTO order_items VALUES('560d75f1-d49c-42e2-8100-d32d1864e94c','d79beb71-0984-4252-8821-2a182219aaa7','38f4f998-ae3f-470a-820c-5532a0c1ead9',1,40000);
INSERT INTO order_items VALUES('d74c3c49-8415-468d-b2a1-73081b8bfe65','35025a44-70cc-43be-b9b7-42d60050191a','7d0dc214-4342-4c80-ba63-78fef6140576',1,135000);
INSERT INTO order_items VALUES('63210bae-a693-4701-88fa-13c6b2e519cb','35025a44-70cc-43be-b9b7-42d60050191a','e928cf75-2a39-44be-a285-adf78b6ef291',5,15000);
INSERT INTO order_items VALUES('fdbb7340-02df-457f-bbbb-8a061a1093de','e1c975dc-948c-4050-9423-dc3e46cba3c6','b09d304c-abea-4777-af0e-c228e123f02a',4,50000);
INSERT INTO order_items VALUES('e1411dda-9be6-4962-b9f2-d01f0322b8d8','2f42b083-9aea-42e0-bbe7-83f0a8a3707b','2db01f58-ac92-473e-aaa9-09614aac120e',1,15000);
INSERT INTO order_items VALUES('faef96c2-fd97-45f8-b4ce-39e7919ee534','2f42b083-9aea-42e0-bbe7-83f0a8a3707b','b09d304c-abea-4777-af0e-c228e123f02a',4,50000);
INSERT INTO order_items VALUES('dd94d8b9-b23d-4ee9-b9a5-865ee0d2e4e2','2f42b083-9aea-42e0-bbe7-83f0a8a3707b','4a9928b1-2d55-4f9a-818a-42e408ab06c5',1,60000);
INSERT INTO order_items VALUES('6869556d-ebc3-47e2-a4ed-4ca0df222e2d','879db254-22ce-4f01-bf2d-1fbd320e16f5','b09d304c-abea-4777-af0e-c228e123f02a',6,50000);
INSERT INTO order_items VALUES('a2ef3e56-3851-4864-85b3-1501a63a6ee2','879db254-22ce-4f01-bf2d-1fbd320e16f5','4a9928b1-2d55-4f9a-818a-42e408ab06c5',1,60000);
INSERT INTO order_items VALUES('897252b4-ded4-4e72-992e-82ce74cce9ed','879db254-22ce-4f01-bf2d-1fbd320e16f5','b46d77fb-f999-4cf3-ae5e-8ecba3e8cbbe',5,34000);
INSERT INTO order_items VALUES('7b2403dc-a667-4a7a-8a73-1cb4d7f8d0e8','879db254-22ce-4f01-bf2d-1fbd320e16f5','9d89889d-1651-4f24-a8e8-8a30815e8ff3',7,34000);
INSERT INTO order_items VALUES('c81103b3-b19f-403a-a04f-2b97cc641eca','879db254-22ce-4f01-bf2d-1fbd320e16f5','109f6b4e-a706-4334-ab86-5f20e3d29173',7,34000);
INSERT INTO order_items VALUES('f943ff1f-7e7a-443a-926b-44570c3a7037','879db254-22ce-4f01-bf2d-1fbd320e16f5','aad0a705-d03f-4d2f-9de5-672d239cdd3c',1,20000);
INSERT INTO order_items VALUES('e4516478-008d-4f20-a1d2-800713f06b66','879db254-22ce-4f01-bf2d-1fbd320e16f5','c37a3120-94a7-4ab3-812d-3cffb2b858d1',1,20000);
INSERT INTO order_items VALUES('ca045daa-c21c-4bf0-a7d2-902123fecce8','879db254-22ce-4f01-bf2d-1fbd320e16f5','118c765d-ca7f-4bcc-816d-32ae4cb00daf',1,10000);
INSERT INTO order_items VALUES('20c093a0-b368-41fe-9741-c5538aaf75e0','ce3cae78-232d-44f0-809b-25d45519c270','0e97c0a2-7c08-4c7b-8d79-ac18183da3e6',1,35000);
INSERT INTO order_items VALUES('882ffaa5-df1d-4b66-8860-ddcdd972f6f4','ce3cae78-232d-44f0-809b-25d45519c270','aad0a705-d03f-4d2f-9de5-672d239cdd3c',1,20000);
INSERT INTO order_items VALUES('835975d6-6959-4431-856c-9cf14edf446e','ce3cae78-232d-44f0-809b-25d45519c270','b09d304c-abea-4777-af0e-c228e123f02a',3,50000);
INSERT INTO order_items VALUES('767030f2-5c6c-49f2-9eb9-31eb6cce26a7','ce3cae78-232d-44f0-809b-25d45519c270','535a610a-a9e1-42a8-a752-0fc2fd9946d4',4,34000);
INSERT INTO order_items VALUES('5a41a02b-4cd9-4168-989c-db018f20902c','ce3cae78-232d-44f0-809b-25d45519c270','9d89889d-1651-4f24-a8e8-8a30815e8ff3',1,34000);
INSERT INTO order_items VALUES('2d9dedd1-eea8-4579-a93e-6d1a34c68c46','260322a3-8a44-438c-b614-160de24fca25','e867f5af-ca29-406f-9da5-92642c21d1f6',1,10000);
INSERT INTO order_items VALUES('f71a7a3d-7805-442a-85ab-7b3417f88539','5f77c0a0-604b-47af-b4a1-634e8922e3e1','b09d304c-abea-4777-af0e-c228e123f02a',1,35000);
INSERT INTO order_items VALUES('84249731-d91d-4681-b5bb-96fee875ad0c','5f77c0a0-604b-47af-b4a1-634e8922e3e1','10427ba2-f66f-4870-ba78-4a95c4e82be5',1,15000);
INSERT INTO order_items VALUES('f06e1670-8a64-488e-b5c4-8b66575bfd0f','5f77c0a0-604b-47af-b4a1-634e8922e3e1','375a1926-ed27-4f2c-856c-3659393e6a47',1,155000);
INSERT INTO order_items VALUES('3d8e6392-718d-483b-89c8-0a954540b806','5f77c0a0-604b-47af-b4a1-634e8922e3e1','cf156995-6fc8-409a-8b73-35d30dbe316d',1,40000);
INSERT INTO order_items VALUES('b238ed77-0b03-4f9b-9ccd-521c84da45a0','5f77c0a0-604b-47af-b4a1-634e8922e3e1','e928cf75-2a39-44be-a285-adf78b6ef291',2,15000);
INSERT INTO order_items VALUES('071bca18-3c41-4568-83d9-3f58afd2c11f','b57a0818-8d8b-4a50-ad89-2b22dd0cc394','35aaa6e2-79aa-42fd-b93c-3054e7466910',1,155000);
INSERT INTO order_items VALUES('790513e7-b8a5-499c-ab2d-f52cf5825e6b','681806ff-7e5f-401e-8b27-65f407d2b8f7','2db01f58-ac92-473e-aaa9-09614aac120e',2,15000);
INSERT INTO order_items VALUES('e5f10a9a-0319-4bfa-828c-6f17245403a8','681806ff-7e5f-401e-8b27-65f407d2b8f7','9d89889d-1651-4f24-a8e8-8a30815e8ff3',3,32000);
INSERT INTO order_items VALUES('b6473ec8-299f-47b2-a95d-3ea81ec1c489','681806ff-7e5f-401e-8b27-65f407d2b8f7','b09d304c-abea-4777-af0e-c228e123f02a',8,35000);
INSERT INTO order_items VALUES('0709e532-a357-44f9-957d-53cccabff0ce','681806ff-7e5f-401e-8b27-65f407d2b8f7','38f4f998-ae3f-470a-820c-5532a0c1ead9',1,40000);
INSERT INTO order_items VALUES('47aeb5cc-d617-4d1c-8454-f53dfdb77182','681806ff-7e5f-401e-8b27-65f407d2b8f7','5049ce56-14c6-4eba-ac9a-bf9334722708',1,6500);
INSERT INTO order_items VALUES('d749d221-a7c1-44fa-a86d-4a456dd43d47','b181f699-522c-45a9-8238-3ebcc492ebe1','b09d304c-abea-4777-af0e-c228e123f02a',3,35000);
INSERT INTO order_items VALUES('60a9f268-8a89-4453-a303-670304341f82','b181f699-522c-45a9-8238-3ebcc492ebe1','cf156995-6fc8-409a-8b73-35d30dbe316d',1,40000);
INSERT INTO order_items VALUES('64a2ff95-1125-475f-ad2a-36feb42510fe','b181f699-522c-45a9-8238-3ebcc492ebe1','2db01f58-ac92-473e-aaa9-09614aac120e',2,15000);
INSERT INTO order_items VALUES('513d8e43-e926-40b3-89dd-53f0ca406137','b181f699-522c-45a9-8238-3ebcc492ebe1','b46d77fb-f999-4cf3-ae5e-8ecba3e8cbbe',5,32000);
INSERT INTO order_items VALUES('072f92d1-ca90-4f50-bc3c-174ad2f01280','b181f699-522c-45a9-8238-3ebcc492ebe1','9d89889d-1651-4f24-a8e8-8a30815e8ff3',5,32000);
INSERT INTO order_items VALUES('c44de097-0986-400d-a5ab-3e1a037b15a1','b181f699-522c-45a9-8238-3ebcc492ebe1','109f6b4e-a706-4334-ab86-5f20e3d29173',5,32000);
INSERT INTO order_items VALUES('c0755e05-9b08-42db-9a60-224c1f05a8dc','b181f699-522c-45a9-8238-3ebcc492ebe1','65ff8ec2-f9bd-4f9a-8b4a-187f44b6eed9',2,42000);
INSERT INTO order_items VALUES('34ac575c-fed0-48db-b81e-0f761f4a6662','b181f699-522c-45a9-8238-3ebcc492ebe1','fb01cc49-5109-4557-a026-d660defd4ff2',2,42000);
INSERT INTO order_items VALUES('0d16e963-8eaf-4b9c-9fc2-5ebb94636d85','b181f699-522c-45a9-8238-3ebcc492ebe1','c37a3120-94a7-4ab3-812d-3cffb2b858d1',1,20000);
INSERT INTO order_items VALUES('404fda95-6b6e-4dc3-9797-e31d97f9179e','b181f699-522c-45a9-8238-3ebcc492ebe1','aad0a705-d03f-4d2f-9de5-672d239cdd3c',1,20000);
INSERT INTO order_items VALUES('c3d95358-3556-41a3-89aa-f76761b3a315','b181f699-522c-45a9-8238-3ebcc492ebe1','5049ce56-14c6-4eba-ac9a-bf9334722708',1,6500);
INSERT INTO order_items VALUES('2931973d-9b72-4a9a-953c-f0f8fbb52fc8','b181f699-522c-45a9-8238-3ebcc492ebe1','0b121cb8-eef6-4845-8568-59510589ce7b',1,6500);
INSERT INTO order_items VALUES('79c59b8d-7986-4156-8b53-d70cc92fc1b1','33f1717f-e168-4dc1-be7c-bbdaf4af43f3','b09d304c-abea-4777-af0e-c228e123f02a',10,50000);
INSERT INTO order_items VALUES('cf178fa2-5f67-4325-9694-e7f93437c180','33f1717f-e168-4dc1-be7c-bbdaf4af43f3','35aaa6e2-79aa-42fd-b93c-3054e7466910',3,165000);
INSERT INTO order_items VALUES('6e2463cf-91d0-4715-b610-72f8ed0fe1a9','33f1717f-e168-4dc1-be7c-bbdaf4af43f3','cf156995-6fc8-409a-8b73-35d30dbe316d',1,40000);
INSERT INTO order_items VALUES('8902c231-1223-4990-8a55-c07731357d2d','33f1717f-e168-4dc1-be7c-bbdaf4af43f3','b46d77fb-f999-4cf3-ae5e-8ecba3e8cbbe',3,34000);
INSERT INTO order_items VALUES('01e8afef-cd24-4d36-bde3-dfd203f8eb6d','33f1717f-e168-4dc1-be7c-bbdaf4af43f3','109f6b4e-a706-4334-ab86-5f20e3d29173',4,34000);
INSERT INTO order_items VALUES('53cb8528-94b8-4129-a1a5-89eede68de50','33f1717f-e168-4dc1-be7c-bbdaf4af43f3','9d89889d-1651-4f24-a8e8-8a30815e8ff3',5,34000);
INSERT INTO order_items VALUES('988545cd-f234-4924-9d36-44cd1d41fe63','50b74afb-1b8f-4148-bdef-96210c4ad549','b09d304c-abea-4777-af0e-c228e123f02a',4,50000);
INSERT INTO order_items VALUES('2a419a1e-3404-463c-ae2d-00f42003994f','50b74afb-1b8f-4148-bdef-96210c4ad549','06b0ecf4-adac-41fc-8a90-c200ec6eb809',1,100000);
INSERT INTO order_items VALUES('4a678232-8e32-4894-9551-92c814d21279','50b74afb-1b8f-4148-bdef-96210c4ad549','bac119a5-61d1-4fb4-a2d1-bb0f6d69c40e',2,34000);
INSERT INTO order_items VALUES('35405149-199b-47ba-990d-4b866433a0a7','50b74afb-1b8f-4148-bdef-96210c4ad549','aad0a705-d03f-4d2f-9de5-672d239cdd3c',2,20000);
INSERT INTO order_items VALUES('ac762dbe-94cd-48dd-bf37-97e266e2bdd3','50b74afb-1b8f-4148-bdef-96210c4ad549','01da9c35-555f-4317-8148-4ceba600fd49',2,6000);
INSERT INTO order_items VALUES('3454d4f6-6ad0-4c4f-bf9e-ffee33521356','50b74afb-1b8f-4148-bdef-96210c4ad549','01160287-e3a7-4435-851c-9ef4e4186adc',1,15000);
INSERT INTO order_items VALUES('4e89c971-50b8-466f-8ee0-d3118bed47e4','50b74afb-1b8f-4148-bdef-96210c4ad549','e867f5af-ca29-406f-9da5-92642c21d1f6',2,10000);
INSERT INTO order_items VALUES('f24f8d92-f96d-425c-a2e2-2b0e34c4d0c6','50b74afb-1b8f-4148-bdef-96210c4ad549','024c9a0d-56f2-45b4-96aa-9448e2b62deb',2,12000);
INSERT INTO order_items VALUES('8847b373-94e2-4b78-ab1b-4b6b9640b67a','50b74afb-1b8f-4148-bdef-96210c4ad549','6d9519f3-9bd4-4373-a477-024cde2c9168',1,35000);
INSERT INTO order_items VALUES('dfb1b783-6e99-432e-91ad-3e80233339a8','1bbddffd-9edc-4001-a83e-d0dda6ddc25f','10427ba2-f66f-4870-ba78-4a95c4e82be5',3,15000);
CREATE UNIQUE INDEX `products_sku_unique` ON `products` (`sku`);
CREATE UNIQUE INDEX `tiers_name_unique` ON `tiers` (`name`);
CREATE UNIQUE INDEX `users_username_unique` ON `users` (`username`);
CREATE UNIQUE INDEX `users_phone_unique` ON `users` (`phone`);
CREATE INDEX `status_idx` ON `orders` (`status`);
CREATE INDEX `created_at_idx` ON `orders` (`created_at`);
CREATE INDEX `created_by_idx` ON `users` (`created_by`);
CREATE INDEX `deleted_at_idx` ON `products` (`deleted_at`);
CREATE INDEX `buyer_status_idx` ON `orders` (`buyer_id`,`status`);
CREATE INDEX `product_tier_idx` ON `tier_prices` (`product_id`,`tier_id`);
CREATE INDEX `tier_idx` ON `tier_prices` (`tier_id`);
CREATE INDEX `order_idx` ON `order_items` (`order_id`);
CREATE INDEX `product_idx` ON `order_items` (`product_id`);
COMMIT;
